Annual Rainfall,Cloud Visibility,Seasonal Rainfall,Temperature,Humidity,class
1398.685661204493,7.798710873172004,597.4465175076855,18.460962210613047,66.36506395035066,0
1144.694279531526,6.849267365825538,756.6443987853446,23.69807494610249,74.68796511060916,0
1459.075415240277,5.119260739840349,562.2740237000116,25.931972332891778,75.18016872044447,0
1809.2119425632102,3.706126444588852,707.611541108288,37.43843828670095,79.72630345843406,1
1106.3386501106656,6.39644662722718,231.9155999138643,30.78276562266879,61.331416367191736,0
1106.3452172203279,5.786970770843499,863.9881122118816,21.322592154500544,80.92567273847331,0
1831.6851262029566,6.790386440055465,800.3616426086672,,47.95608368397225,1
1506.9738916611636,6.270343603363939,554.8734106795428,20.26348005530817,68.70115447636189,0
1012.2102456260192,7.09910543063867,997.7737005297215,33.41345526943537,70.11726157548455,0
1417.0240174343858,3.9295295768788643,1081.2710412879676,25.64437674091061,81.33326826071239,1
1014.6329228750151,7.634788131268651,317.7320406893078,27.531819056304144,75.22630852676869,0
1013.7080985718973,5.395199209384799,571.1825664301357,34.62898323771095,60.944369461437134,0
1296.7849086264137,9.150521745250531,569.2572950638105,21.56418215707875,65.15006874182984,0
434.6879021368809,3.6216243638208643,518.0290696673405,21.014409074435044,76.98680009547407,0
510.0328669947869,8.4719276063305,1048.8424525795244,25.082003368269977,74.20932658135443,0
975.0849883036109,5.395821566925296,741.8521583681589,33.191894255096585,69.20875890364253,0
794.8675518662305,3.6971639927711033,720.6455476068168,20.403269622615788,70.19166210488021,0
1325.6989330381095,4.032228331891357,198.84129067797392,13.839222009447155,81.96167997159289,0
836.7903697915156,4.3593053836113596,990.6254090627679,25.744205707955008,69.82307427130786,0
635.0785194658835,5.848331892803833,428.2224815439582,30.7587039995546,74.11908755970927,0
1786.2595075686218,6.0456709760709995,817.9797890798985,34.00130874869414,96.69936588080543,1
5000.0,3.852599992122842,883.2130813874575,25.684193189573005,60.76317363116077,0
1227.0112818751695,4.951290815478035,1208.1975787515953,25.942866964419988,56.481572684253415,1
630.1007255146172,9.284540717223727,407.35388026426637,33.769503671278734,82.83589664798606,0
982.2469101899269,8.455086340201422,-105.85364674624759,18.6512915015229,68.21356938705897,0
1244.3690358839465,5.872647339348064,855.1548634261085,26.057396124084953,71.8176247225738,0
739.6025690310789,5.076006956336401,1340.153354453256,28.95211944962529,67.18843621868886,0
1350.2792073382689,5.240062653436523,1171.6839058818312,30.24609360642517,72.40199859232487,1
959.744524032478,6.227035945460833,862.8978245823878,25.450966534045588,90.98538112096341,0
1083.3225000826892,2.954414869603189,652.5091443103858,28.172205058529208,83.0212845861812,0
959.3173551082413,4.48524692515331,1042.136778991193,15.558363232935053,83.62223511886977,0
1940.911273803575,1.662831852244821,507.9361400886594,24.70875793833076,60.837729442073545,1
1194.6011101048264,5.798446245210559,942.9073308068657,30.26754356277234,63.488462634471304,0
776.9156284176399,6.294391879405482,951.641047749988,23.088529828726603,46.60921340514573,0
1529.0179648412757,4.033627075401252,1118.062972249664,28.294921107947985,66.90619178917245,1
711.6625400115911,8.147973526580065,1627.8980116733233,30.23436250401349,84.56703186385658,1
1283.545438001902,2.5484686739953175,917.7247901536301,26.287253995711175,80.16946515748371,1
416.1319504480898,2.0712502395803596,647.3109122877504,28.852318854982855,72.78486737047876,0
668.7255804406278,5.448903637119944,792.3277063424017,23.186337173576938,74.77699716281947,0
1278.7444943476494,7.094196605224309,269.2772285332645,26.966943601519766,68.11114457424594,0
1495.3866319981641,8.367855382915737,591.5860606732825,31.051080847946114,77.04758882401784,0
1268.5473124759883,4.0822314742621195,677.2152685660687,28.784864804842172,82.65878279480614,0
1153.7406870447037,7.157361666862592,642.7734806196222,25.067343652180323,58.84113212589527,0
1079.5585217642845,4.922983060998585,845.7064616101165,29.121082021453965,77.99647687837349,0
608.591203853029,4.654745400118361,553.2740202853398,31.57304895318309,84.32434870954667,0
912.0623166421166,6.767319874973345,1136.3092001973414,17.75029360711261,70.8489971103663,0
1015.744491616085,6.304645756826839,800.0621194754591,33.79537032477949,82.00700612120583,0
1622.8488904875662,1.8472156860315012,797.2099036584157,26.31872630659464,103.14654444472552,1
1337.4473158273845,7.9530806994517915,701.6315850461247,30.12744966620115,73.95657207013107,0
494.7839378549064,7.760182708294903,846.5572051576937,33.98623461822614,78.93307050005323,0
1329.6335877579181,3.748874596980941,1047.5294794002905,21.14163151384767,67.61942916338609,1
1045.9670878334734,5.791607066874818,539.86093528673,24.452794987862266,76.81251162602051,0
929.2311998776165,5.988060372565478,602.565053277423,26.557256520621475,79.60271624982303,0
1444.6705155363472,5.521347531647814,708.8821913670006,24.081232394377857,76.94842340270138,0
1612.3998089983804,3.8993896923091595,396.2387229580355,36.67468287918404,64.80304680291144,0
5000.0,3.656753264123897,554.2226420835507,23.716139530866037,77.0636177132545,1
864.3129907109446,4.9488918580171095,657.1337379366023,25.222266102565666,89.62195938717636,0
1076.3150496595142,7.345458038518729,1062.3167542138183,29.021945158014884,79.48635764514528,0
1332.5053725614257,6.087200309188865,878.7683987005774,21.989252369619557,84.61987189071841,1
1590.2180508489437,4.258771335827788,858.0769734102633,26.02159644121868,72.62988029987372,1
1008.3303048618841,6.54339742129669,1055.2693886503916,29.587266306250875,82.49900239423711,0
1125.7364093344731,-0.6970852412601509,758.788463480181,26.335697978087445,77.79267838216526,0
757.4660103975887,7.297531400744207,917.1394549786669,27.53306570550026,65.49089270312768,0
721.5173503677318,1.5205724424438007,769.0334741202512,25.353339437758144,78.18521004798875,0
1525.0103289576791,4.275118117193736,879.6087048198885,20.427648454096165,65.08303336559689,1
1742.4960114283292,2.7606602107477123,625.1724027165253,29.607966056696192,68.67119725115208,1
1171.1959513678664,2.4106370485581885,68.35485251707132,36.774665358236206,76.89328307292374,0
1601.4131591568098,7.321653574757039,759.7162513441087,28.09200815391719,77.97244273380124,1
1344.6544100190536,4.064597597376217,1226.824440829982,29.126320586237746,63.10767534922871,1
941.9520981579503,5.693007763461432,1077.8646206724777,31.463613775584296,85.53985771182876,0
1344.5582422033656,4.906158842241632,1089.6192453773513,21.653347517266504,80.72006278300474,1
1815.2146265863876,5.954081654446243,1170.8392165418654,36.51257329064803,67.95271564389117,1
1185.6695843560194,5.15364378212051,826.5972772884312,29.01164398211401,59.624152035508246,0
1825.8574623256025,2.4340155516228608,859.1947122216786,36.15928449544555,73.55095420918569,1
152.1019583641023,6.99253363889428,614.7044313696949,24.334835022380055,70.5405628613884,0
1528.7610017500895,4.012486833677375,705.178143191885,37.09030961278913,76.13140457053022,1
1234.8188272952684,1.886836202680498,984.7313449313425,31.875777470173915,71.36883338844433,1
1080.397059813653,4.143769678068175,1161.1653311506448,30.765200429261792,54.9254313925499,0
1236.704310614201,8.00151958126862,758.1661172957001,29.17012227176574,71.11653061698841,0
5000.0,6.7004434842269855,664.9432205445765,26.757356909627752,71.94380888931687,0
1112.1312448649953,4.302695731184282,800.1583876569792,34.00265829236936,81.3366102477406,0
1342.8450286046987,4.301484591363143,980.3620246787344,28.701799349240236,68.0180032538895,1
1791.1576178966066,4.356729897565235,366.84355515993747,18.164651482064237,91.78674673372566,1
992.691912690541,9.153495967121682,111.14571405882862,22.414067691464986,55.883594493482434,0
876.6025588427249,5.763870904463107,634.838945152525,27.070771239036265,88.11167497802624,0
999.2971825661854,5.8600832943821395,433.7862722257524,29.549994915827774,72.75681029121895,0
1566.1608470808296,7.060566908063684,647.5579407058067,27.71705755550052,83.59584872343557,0
1331.500443863874,5.477578318053027,755.6659043547586,34.094853948968314,75.79801484058733,0
988.0959184931845,4.481915708358594,664.025477293096,18.244490679806876,86.39555536025469,0
1405.3069732453425,4.607300301830043,1235.7402603412236,28.717939682525802,71.12638035447189,1
1238.8310197392161,4.856797481171872,898.023429380696,18.910103873064227,64.01379574822188,0
1587.4579962131556,4.925555526980316,890.1423078832485,31.79856147742084,89.20504287271064,1
919.178762449059,6.4552590872739595,986.6621432130206,,73.86519354117858,0
1068.9351413608927,5.103891771614599,458.35006466576925,30.09804986012059,77.2155847362421,0
1043.1567387471368,6.465280154431158,1111.7335362260806,23.68058519705117,87.34751914044796,1
614.5940207471526,4.838566839782835,777.270714039362,34.39732465828875,64.68044757905565,0
1318.4481108258303,5.157270380632181,1001.1441851723638,33.20862332029426,80.95490897639257,1
1304.4221088719557,1.0035986309357847,478.4428300879534,30.917721515059437,69.10105243537109,0
1202.0453826569844,6.832655349404963,333.8723701951807,27.352413765682797,73.67830644355628,0
1106.1651466499413,5.692976951795986,1045.3668974075085,30.899286426475662,75.7227896538429,0
633.8517031798343,6.996020219719305,912.922857829255,24.465537160063256,59.997781385530644,0
1031.7418708938565,-0.7925107563873786,529.3845336927468,32.27777829510356,67.21162957179565,0
1062.9141933892922,9.176749409561456,539.1010756175917,,88.5107289241314,0
879.0890923113525,4.720820743689653,1137.630435324431,33.353052799895934,83.86191188584796,0
1135.4857153335963,7.216365633475033,443.17643213980165,24.351987650962954,74.37360422672765,0
1361.6203427258154,2.9201881457489383,1292.801885976789,29.807086586365514,77.43123458512893,1
1954.474360484212,6.225547810125139,529.8137796056394,21.53429228120676,72.05757494363543,1
1269.8311251327357,2.8931688736526877,991.5175776825149,30.861951555878377,88.56583385827982,1
1303.0201562891057,3.7524620786083895,701.4144572753046,30.253017064312694,72.99647422205837,0
1170.221633693533,8.828062707733572,980.9562293247029,18.65091830233918,77.31842092134848,0
432.4915138803834,4.6186351984733065,636.7657993657422,22.19108078043818,86.46030144142065,0
1189.3944498203132,5.434865746359446,751.1621281783117,26.584305516281166,67.22628515154094,0
1224.0920839764105,6.740135461377508,812.2757526187163,26.495701264295867,90.58789184496894,0
2185.2968449941145,5.991363775945209,499.3437632655582,21.952615322905974,59.69538590256623,1
1123.055614087551,5.3008378102871525,1022.2473036260378,29.944893646760917,91.29642131112799,1
1320.618936933445,5.729922004932451,646.0359300585244,29.25736804470256,71.27324416048026,0
1186.1152921179028,9.80683117047655,731.4200253979944,27.028654340107405,72.57301252174719,0
5000.0,4.884762405932829,501.6951876174463,24.221042499208185,56.09989828817057,0
1657.1291258060082,5.402198093429935,31.299902361406794,33.24353563208282,70.45205282622307,0
1500.7732130747097,7.1013087920152245,742.6916712199493,36.27703556544148,64.60193468973115,0
1516.4127788172186,7.211051865915968,1523.7846264838747,25.582192580767316,68.92353654626527,1
836.2450180821045,7.37406061112076,1035.3812863694072,24.939165414225897,73.62689034211121,0
1761.1177243744396,6.277460444058369,794.2218860796816,30.456038327059982,84.57791614472906,1
639.2595748830877,2.713990174539033,721.1327512375196,26.209853101265068,77.07603351400626,0
1434.7428375201082,8.266863064602191,806.7397678436139,27.30301399668383,78.07676653401114,0
2076.1822503239914,2.707309213962624,964.135734552563,31.698265758623357,64.04480611154437,1
803.7854699477247,5.605270930478066,445.75615540734657,18.453219562463538,66.1924591039727,0
973.4809081588912,3.4914482999612844,1134.2965084006617,34.59151162426335,92.98725018351311,1
1239.8605460350566,4.871723306814015,1014.6143946323732,28.363402621646706,67.64798965236753,0
998.6097383535204,5.657524820606961,1015.4557177123803,25.9425342771891,91.56208252057296,0
579.734627573547,5.642714430900546,931.5427216429182,27.553829228892756,72.56938801119134,0
1227.425189922411,5.84384150847057,805.884997308197,27.812146775102594,75.02287936143505,0
775.0785145095581,8.227422538117294,1001.8583707900459,19.343993482775375,85.7036516022993,0
1389.4369722540725,5.90706860302796,977.5442401224134,35.47469113726618,87.71892421938657,1
832.2303063064787,4.511686729418702,693.7877867176928,28.20662816135309,73.89187439720912,0
1819.973762007016,6.928174336576714,627.9194681309298,30.215010652236877,71.11756946478461,1
886.6986830655052,7.378940977849281,830.556888578596,32.757748852870215,74.44079551477788,0
1071.1753935177298,2.544784369726015,1264.7060454485563,22.894187712198498,78.37957528232118,1
1525.4068869478679,6.194800139699716,428.2678773038297,30.367359495176142,83.91303686869756,0
707.6542734264178,6.402345484621796,359.742420274268,26.661794545506034,75.04229858994151,0
1290.9839738416517,4.404872993280016,849.4282523709551,32.23385387608247,81.18886298023153,1
1722.8571017129711,7.751413626623239,815.2663105568054,17.363862898242523,91.3835973227094,1
557.006706175509,4.699888825934947,852.0024993111225,27.504528498793654,78.81309612264785,0
1273.8535434129217,5.2511529069430845,873.1859593725501,24.98589672108019,78.11652856004778,0
1303.9531176993694,4.65385635143226,733.0393236095584,30.161314753170778,59.810891749099326,0
1512.7291487109242,5.031158095162935,1246.9590315806247,30.350220936841012,48.69269863170936,1
705.2197156487672,2.8074498262095964,319.7288064570453,24.46187052588987,78.88375729230168,0
671.8173547662894,2.1198982348114113,551.4508925659262,24.43913067911978,74.05175768719128,0
1408.776626246759,8.189010126449944,769.0235719552858,27.446673157213354,69.85217325085259,0
1318.7938692932744,3.3060773033633444,307.0433566537498,23.516788863423958,77.43530204186345,0
1300.1971401383507,3.0172153010873854,747.2436786703787,32.209918477260636,74.39596270803092,0
1338.5792837987904,0.6932197727925704,1298.4410497184053,26.15396399776277,86.27780250633899,1
927.9901113686037,3.7220765046209956,806.2659464887886,13.465058903391792,75.86110868258977,0
1292.9014788644015,2.3538204131850033,869.210271715605,26.12588971689097,67.53076714929833,1
1317.2289893194725,8.284030320272738,421.9505704482259,22.80728089578014,84.90166238959289,0
914.2594327894528,7.019634178685268,615.0915775881567,19.843620922695273,72.82868925053798,0
1946.3098044579026,3.6236993096445524,687.4410859028189,21.812866808887136,80.26536683672308,1
1389.533168364715,9.504871610688618,704.6854709731298,28.547042359164852,70.225892938072,0
723.4786011189406,6.963530973983189,1184.4931385011305,34.643204141241156,68.50173114502563,0
1462.6214434535318,4.350337232982755,967.3073182175374,29.565922369324902,75.84168230185696,1
810.1273319090715,0.0011885702528537934,466.5626129188904,24.967483058921303,75.12828643543685,0
1514.8338414969808,9.581885145181484,873.9514335296014,30.279520975853515,79.79827035366833,1
1663.4382316029617,2.220855066472808,949.4665245490355,25.70454844890504,72.31354246690258,1
871.7270726593158,1.7092025060862164,1142.04471155638,24.526998154184277,56.63640216229602,0
1585.3504516977287,7.045140864019281,1274.162205970512,22.228186658835078,70.67226116411611,1
1365.1123707745994,9.879504812678546,495.4717424516394,19.240855966241405,82.93818467143815,0
1528.824063997796,7.768545637021036,556.7427466368986,26.050381467202772,72.02623920756893,0
1958.717193061579,6.12781824010472,422.7266423256151,28.79026744960066,72.53616597485453,1
1101.8447535988519,6.189508683330572,729.7940422679056,27.51688164992555,84.86376505905938,0
898.5055342570042,6.706831117560616,939.9075123339003,25.920165360263205,67.88026772741077,0
844.1942281497907,6.5178571795735305,1096.2003549767305,23.271269696516093,59.57196781757101,0
873.6758860138248,5.562382847938752,777.2146929072431,31.041230958424844,73.39368880474505,0
1169.1593162343584,5.208402207903752,704.0457430235468,21.414340400267076,70.15826048751263,0
1336.4607899266575,4.874813744200956,845.5273976746221,31.880139569217377,65.33753680246745,0
1310.6763197320076,3.4920708222666477,549.4571295109931,22.988914905366375,73.24621544101309,0
1530.8732996144095,4.438649846266452,1426.861616508432,24.237823813234826,79.91505647246784,1
1205.2007567511628,1.614086371609229,317.7016918645824,20.666074046921615,74.90711438432184,0
1781.4136308629268,4.8033207464105,855.4221736687173,25.492989265571815,78.06981072686237,1
1094.1372667048176,3.022817785698165,1407.081865768892,32.87656229238989,93.13407698515422,1
5000.0,2.792821365568458,802.0399533679994,30.578140442219784,71.57121138442436,1
1450.2669391060026,5.359788302306957,742.9882894995517,32.892110560140175,77.7834863464467,1
857.136977433487,7.784004572689199,692.7663731568719,30.61071272966968,69.90786637400865,0
771.643000775555,6.836633212004626,745.8824954712777,22.481650857348153,66.53640280113027,0
1392.9889660972742,1.858998792753646,1211.854542402959,26.346053878362213,69.1509234658223,1
1110.6148858696597,3.020743726859325,136.4414266011479,24.099004354412685,70.21241428478311,0
1485.6001976368368,6.881542375976432,1260.0301103888976,34.6528745201952,78.59475797547125,1
1389.2950498294178,3.035025212923381,372.81285426495646,22.01605676786844,98.49075786700757,0
1170.8684349372509,4.550733700005951,720.0043012296755,32.46848844694556,67.83956563724159,0
861.282512772638,6.100104198049104,671.2266739104015,32.46476935054385,70.83374694384537,0
594.0611101256542,3.0633110902727294,976.5659809312159,37.14810100858044,74.36876986888751,0
1021.3940191731915,5.21075101229192,320.5626944348757,25.951567036852513,78.95798848709747,0
1542.559517729389,2.331949010163591,938.6517998245829,,77.63550811954785,1
1285.6374976520815,3.7972647120975727,1407.2928869860557,39.40825918269421,87.84095793948117,1
701.7044885152047,5.639563868285074,391.04779862215685,24.911791615331516,50.73607929464792,0
1269.272370340473,1.8140125329366614,856.9118502831187,20.3247987623382,51.13070129804328,0
1354.1269518915346,5.880949475920798,601.4053466610173,18.59994983046118,70.0412182798985,0
846.4570255195467,4.960724402146638,927.7661618579107,31.563560144306656,85.97300187543709,0
1261.4900423782112,6.104979908834295,805.7443332247257,18.584248959707082,59.34351968394404,0
1223.2834873784,5.447828268129323,607.5539272867071,26.138404735310385,44.92367660306243,0
742.8118808677507,7.728280859947688,946.3616854613222,30.186565935194803,80.71179406219208,0
1343.1149441393134,5.250449005295814,1341.304432936023,28.92587768414957,77.43657223702715,1
1424.3138105472938,4.141188917749494,742.7288624818104,30.12722432092086,64.0979159320057,0
1633.2204972701109,5.244595006064568,1015.9273826444546,29.11144927900427,65.1446039927907,1
1621.520820813961,6.086596058072776,412.0181126386509,34.39432906656697,65.30256280365326,0
648.9322528171635,5.0977201406514085,513.0690869545974,23.238418096306013,76.1053531747394,0
824.8699840339509,5.081183382407764,941.7218833641132,24.615024307707344,68.73684723816993,0
1406.014106883464,3.5960166243864893,1245.2348085607896,24.13670277364588,79.9406391897552,1
1405.5143803648834,3.6741981648981037,906.684004635698,32.15095905931305,46.45373337095609,0
1406.0190745224193,2.194789456400613,706.0825908430537,32.50199294197532,66.431481348722,0
2741.0925962618885,8.499153486373878,799.7874216270062,30.25612659659254,63.7394603908895,1
1428.356204277267,2.51227352921743,424.8776798090847,33.91746833444964,72.43659321627507,0
1654.2262560722395,3.6141896044081854,981.35459790661,22.109795663118096,69.61952241509861,1
1581.600705397281,3.5631854688616054,1064.6999186970227,36.336120557755685,82.97843779895767,1
1460.5565005223193,6.789848753888883,664.3729001500759,35.61619310856129,56.406632283399425,0
1073.8923021438618,4.410100643415944,658.9873556721495,31.678109986228733,75.45491476330751,0
1503.587688197307,7.495484145347468,879.7634688956146,36.9089945438553,80.58336423211705,1
890.8699141849713,3.653018751512263,668.9840791878214,19.71688396161113,93.56647436561954,0
1105.2725573039966,5.557988324447604,780.1602156122533,25.377759318686742,70.18234028906525,0
1005.8545808683587,3.3293058934804853,1429.9165367499545,24.32348269659024,78.24458604352517,1
1232.749655754529,9.290298255546777,725.892289776201,31.607396618786716,56.96137207437635,0
2125.8634266694035,2.6248031619409744,692.4979543936333,22.749296301989272,51.08043795686976,1
453.09392296330077,5.619641420454055,605.7374583094522,31.787475746687427,83.447743757817,0
1474.5040761498053,6.267553761864197,1023.257591449981,34.85268071998357,74.94439706351929,1
554.9136515241394,5.827598194902997,745.6327480345691,31.476014500419996,86.78512689798423,0
1011.2272536842266,4.629424682244584,605.1880885035722,29.418755118307505,61.26597111030251,0
1635.5802387869464,4.740358600533147,1196.3912096819035,23.060633295496253,80.19902139528753,1
1225.712007638185,5.087622943958219,1225.8809013540913,23.765745169373176,93.68817840543853,1
768.9020888282776,4.705995996743023,619.8729302783885,34.248094526483335,79.19705608357266,0
913.8785162960128,6.927758233589819,240.0380145918151,31.896745019526662,77.7658150559105,0
1471.8390995738703,9.421046003182703,1102.2541069510767,27.80490240311228,75.0855608082435,1
907.8533473131454,3.885016429984333,594.6110522719988,25.91045227117055,59.291185428740874,0
1286.58343583279,2.2603940408418444,1037.1876797488305,17.870960634443115,88.55572935710347,1
1218.2287359615254,4.82343590329749,208.9688546864494,22.645737906577807,68.89142360194934,0
939.3598609576732,10.159418675308636,1067.7792014897927,37.55709543569861,80.04483256383017,0
5000.0,3.3926508640605384,436.6484212157656,21.597722144987667,59.36965693428746,1
1453.5676089272044,8.278233610888135,1019.2292357199574,28.947399106105404,63.2054033549222,0
389.9429653369572,8.355401628152881,804.2819203509302,33.03721986597599,89.35087399222235,0
1274.581725907771,3.892823516584011,513.8181741810065,21.725386659988537,71.52697711042157,0
935.2854140926448,6.137966158370551,677.8891061219658,28.923552373905416,89.53275476042545,0
1540.9733339184895,8.256793246257075,1005.8955370870102,32.689577687553275,74.21769340941482,1
882.9917046269197,4.241744518025026,831.7683359345702,28.06249660953625,56.58102227042143,0
1154.1054234132405,4.592839279795276,975.3238941417453,42.34201527833384,83.9206759973172,1
1401.994911592183,3.8366381721027123,1392.9321753546456,19.65700370560902,69.10107682244393,1
1546.3020776680487,2.9704865386142663,330.7275164866846,33.2936426494194,81.98688813517043,0
719.8814371776896,3.701444909867986,1285.1637724905872,27.135991313017676,75.25210867540082,0
1066.1995056636206,2.552119466475487,831.3067812569639,31.859600774183377,59.568817720571296,0
1010.0218755356175,5.068166936518452,530.3647855030615,30.20653575849623,76.64294765370569,0
938.6683069705152,3.4600535378827164,400.90591227830305,24.334219014450017,96.96223142152799,0
1906.1816961124387,5.467571823581496,743.26388276689,29.1449819622967,79.9298645851446,1
1361.9926843843823,1.8882087075927454,1076.4950335773378,18.710492743008565,74.42482246994537,1
695.646418265982,5.661760464428914,761.7352638867397,31.016237502856967,85.75343401956897,0
1567.1447788219104,6.6670579232178495,1253.3464790742041,29.49079232995263,77.1066846520311,1
5000.0,1.0125287148570892,364.6472929845323,31.19330084321551,77.09534230262794,1
1612.9861042204589,5.748113139695144,796.3733156461836,33.29059162543575,64.08374827840898,1
592.2520136183946,7.455337984946585,424.28196667606426,29.838099201048554,77.33848025789598,0
1006.3063708534994,2.580717962617589,909.0895647874904,28.740447098991382,85.35443416416945,0
1706.764459674649,8.345144773675408,1066.06621702919,23.59465831669354,66.63937847899976,1
916.9322137524878,5.838038018732091,673.7714618956841,24.438896181754746,89.24495821246947,0
1377.5277712584914,3.5899762884831823,18.735843011859743,33.93367310088666,74.08293975854875,0
1509.8536213717348,4.8884618446845876,859.6844440389484,35.18167702852989,66.12230488461459,1
829.2278113687669,6.116653825043445,931.0215655200528,26.80944781843973,84.97632076920245,0
1176.18985757528,5.152010782824823,921.2884264885092,28.230013736266372,72.13205764261731,0
-96.50693602762908,6.077511984892738,1170.7346575466463,23.47692812503117,82.59514887486108,0
790.244943466284,3.1586528138412673,478.6838961052853,33.86378422633722,72.08241367741462,0
1098.972739442736,5.3387216480721555,1004.0648316351349,31.32708411845889,74.40173856470096,0
700.8867272140602,2.1725710061900396,1157.7522537433924,37.70608718231875,79.93560204334291,0
1852.9645215726541,4.7775478773026,266.423724798045,23.608384614101304,77.90897057590006,0
627.9434488157469,3.1921847170704205,895.8955477756932,26.109960504908916,55.044682195482615,0
1023.9822053212065,3.528940114820467,648.7460506976986,29.157229612627862,63.78756259905608,0
1252.2962309144366,7.472186350420875,775.5431980695063,31.232447688628852,84.29409984790816,0
1776.509315626446,7.182620241188538,904.3029450615008,26.92166181226184,73.67863411098453,1
625.6551395282243,6.218276241814354,653.8314307659343,23.635194547731498,69.76268697228578,0
1665.2655008619838,2.815374470654842,597.2875762515165,32.40703764461786,61.41425984742526,1
1204.093224407835,4.367183100610396,810.2457252464073,31.605676812727907,64.20263678724152,0
807.3965395808196,7.426195399958367,473.82621834115923,23.418629497181374,54.78201360038052,0
1384.8413897053083,5.28343382727981,474.2524613344444,34.777214005527476,73.98719281298467,0
1279.623878229388,9.63865907996339,1003.811984886951,33.850993545983016,69.01562419418953,0
959.9132491364821,5.786635678788744,455.3617894524032,28.671482486238965,65.33412109014685,0
1227.9208339960076,5.3840982329800635,999.8937502727636,28.39798931188018,74.31876574832047,0
1045.874561255296,4.3817670715949975,938.7773878561853,30.770288855579537,78.63970630852738,0
1245.4069381004992,5.267081809564565,282.25798136282094,23.69148464871871,95.93197932209945,0
1464.8522698084187,4.695060327238912,596.7306042993034,28.15015739582041,59.88116580436787,0
1834.4067264581408,6.416217353377181,1158.2328209142117,17.2380822769541,86.59381043300522,1
704.8738004692605,6.913404633589169,505.6503406580955,32.382278227514675,84.73101561015072,0
2053.2133498625067,3.4280210789841012,660.6787213071837,20.192533887790702,67.209072606233,1
419.16488019099927,2.337534092884444,938.618267975569,35.51709914214499,77.03235954586032,0
1139.2859619857666,1.3275892537934069,1035.0171527847785,26.349399530167748,70.42366750662384,1
1435.3268825938305,6.015982653825088,724.5383341866512,26.941665090344117,76.85688580418739,0
1312.396747094013,2.793266787652253,620.7469415925075,24.86133046957747,90.0913101340455,0
950.9201920717625,0.6942188140950343,1226.7109585095523,26.55980563038962,81.05606232631312,1
1116.75109985709,5.7771572090619285,1321.6698991392736,35.092656725740184,80.08608373233442,1
1002.7996261364669,9.985999034865582,1093.6574152345386,15.560956717324602,70.69690680045358,0
964.2540972223154,4.987858176920214,825.5954427695073,34.38482693044094,60.15943335075665,0
1539.84083880841,6.676981548903283,557.5202835077221,29.69011740550854,72.91531789459592,0
1342.806194386019,5.16365871709513,550.8666780330304,21.964891760713922,87.06608154863915,0
922.8361618957383,4.8022206936177145,956.7542315797273,22.62343803475381,59.72832143410352,0
1559.8399501733002,6.838152965975537,925.5194662666051,36.38196513604102,64.44910631823305,1
1322.9198083506437,4.419450911622698,1220.4795778839289,23.272465600286345,76.26267736234068,1
1525.1448475355842,5.534784628143806,995.1350277608417,22.233247447020204,65.15345215152738,1
1451.851536769445,5.643395612392027,349.0759094720546,33.68657271182364,67.07476552884788,0
868.4019956311711,3.6638190927139025,1115.5842853168756,29.692764381429573,70.76401418271823,0
975.9275839212122,6.984084699073046,500.5818118056761,23.310372117318007,61.343825958098506,0
1498.9174420493048,4.650080486609182,684.8086184142945,29.083124877023096,65.25878153783631,0
1444.148106173386,3.4885096810143104,875.0600618755084,22.871236581798613,82.03427916787308,1
1191.6393624143407,6.073019687140807,1398.7002469351892,33.50410699211302,61.92630217769036,1
1246.9309533235128,3.2030640364179255,1732.9755668016082,33.306854824365665,59.021278655051624,1
1711.06595831537,5.056362314738257,982.0169177408548,30.660030994109714,68.69975020466106,1
963.371444465668,4.981762006711593,745.0410143838836,29.808305306235084,82.31955502509845,0
1418.8389524680151,7.171791131663156,960.3516945441651,36.80594062433687,73.0307819200311,1
1119.1229390264423,5.949396465759905,1066.2966277621508,27.998431636941127,70.35418921884381,0
1112.9275187091118,4.949946082509713,703.7997123328425,22.090629372895993,75.44358797515608,0
1639.510740794876,6.635532598400574,1338.5634067736967,30.247369564161534,57.54292567140348,1
1530.1665395952118,7.780415098034627,869.0212277574207,38.43023524768557,79.94705653775033,1
1525.4038544002553,6.115620612703724,949.3229267274182,22.92620253407074,78.83435031403644,1
1722.1915228617318,5.0207052396867615,999.7772756163384,26.19268616653007,70.90691525904279,1
1208.4015366531037,2.376327535299681,926.4759831843367,30.082230190507264,85.05924511796417,1
1472.7811885179856,2.869772673849255,1051.6821501408836,27.730475754971305,63.725039010469615,1
1075.8932973626177,4.389550591290664,614.8240440359231,23.088482098113428,86.2790899325357,0
1329.6665409953769,3.7809755956814337,632.5094738161908,33.60928928115236,76.54493665595251,0
1147.9427782529262,4.626057394029108,469.9537301084915,39.6002036100863,71.63447410121826,0
1238.7983859970873,5.113299849794214,931.850369186068,28.980657295119535,74.80126364631688,0
1438.0628101747654,6.059385508713461,1033.6809510536343,23.47965855132,73.92735234189058,1
872.711726706611,4.859002443881818,937.3318598455658,20.255197374732624,87.20282896417717,0
2036.954910274184,5.9730032876524035,1302.3477300042612,29.289879906105906,64.23320872528987,1
797.5930474001192,5.12894882962024,798.3211943512861,33.51938671658129,67.37480760853401,0
714.3245548849071,1.0490668672922574,1000.6224966777538,30.375838732476907,85.3630289207248,0
1663.2443494000272,3.1213292123624914,472.4897371582057,27.98798079540573,69.04465064816141,0
1516.6650775851745,4.7118248885567695,683.8700892576796,25.053641741053468,84.00533077331592,1
1449.647926820862,2.580610514317785,1008.6613272697332,22.53918183640955,91.99435983008709,1
1451.338203705712,6.199857459992409,1054.7306332229432,32.173756631624414,70.98204973058367,1
1195.1012908612342,8.061501664687395,711.8099157007454,32.56885810692793,81.81362326575305,0
841.0982514056674,7.437523703394634,778.52022444258,20.271351066546334,63.46307718660142,0
1230.3218232774905,4.573114258139584,344.63787599575716,35.94919489090342,82.54733298067809,0
929.1353153951553,7.9814522736999045,692.8912397580172,30.870356104470005,76.99423985986768,0
1590.0478933671004,5.297334914404223,1067.114949055936,34.99797322572897,79.73038282160215,1
1141.1770473991446,4.325828057763921,972.5615048319698,21.289361257574424,68.54427927964605,0
869.8011212829954,3.7731946729181205,950.1997164143629,21.170879222922807,58.389165844328275,0
1071.4456633388027,4.395060627023743,814.932106154288,27.255153451163515,80.03252064749505,0
1365.1725817102497,4.223646362917543,802.1189475884529,30.51392213447597,54.365968475205456,0
974.5101788784101,5.340832444750975,601.9036581579659,36.98180411463482,71.82649507757465,0
871.1118417734274,5.3211479620997295,1009.6485260607604,31.530394569075657,84.4118186641997,0
1297.474884596765,5.006092040306829,926.2918833168169,26.786593615939832,76.91897735873036,1
1297.986628443489,5.8738763394927,947.6056543978398,22.86815396167054,94.48342644789813,1
997.2227298515481,7.381292549572683,642.1895471997259,34.15000286359575,85.25109152581774,0
1011.5846777526709,6.899108270882648,153.99712403862668,23.176472871246425,68.46101611674423,0
1292.8199749430546,2.030204063100193,1129.1458135261087,36.14234277386161,75.27313379851438,1
620.7662634010703,-0.10784226980390965,656.3487631974788,26.578076751967455,74.52629297455564,0
637.0144902493779,6.868639822478547,541.1672707870639,35.95291036308925,59.17823236653873,0
912.6223114990256,2.266242603169158,1008.0436735741981,31.39465645029639,65.59601083515646,0
1114.6211393152612,4.550469196214633,682.3962080242611,27.31502255278771,69.3923909302014,0
1324.3630262392019,2.659773947881281,1117.9809152139865,25.403018140869367,54.637794971440634,1
1790.142486779821,1.3960391248399606,985.1017848730093,26.2954606132696,75.47493468251643,1
1543.0638492808077,6.082925456409576,1005.0707969601433,30.141583461876188,72.50928155346959,1
1136.0245880146292,6.518310320605294,390.21328663983974,28.385782481088583,58.27106098688426,0
1192.3935168389244,3.846979198546561,1163.5831956159202,25.030942959656475,79.04212865277331,1
798.9882541448765,-0.18208458428981977,878.3751593701568,27.17184294841184,82.1587274469096,0
1192.594745603044,3.9075111034950343,689.216858226139,28.39288514859575,77.27034478864888,0
1084.5365444319448,5.783608010805093,843.0165402026753,17.35632952792594,71.7593182479103,0
1329.0874241352358,2.0421768624517425,267.12943013050403,30.290840573943495,80.91442151751855,0
5000.0,5.3667198395583116,922.5958434442013,23.101393876415965,81.80220360476692,0
1407.738605696469,4.969380301654009,491.1885475453785,22.233337983971275,78.07403569719689,0
1813.0955652010311,6.158582999202177,394.1989142469397,19.56327826444645,66.75387749565239,0
1156.495940617257,5.239160736828307,343.29224413463265,19.03053751066055,77.7660076551118,0
1360.6846888395767,3.0538621182368892,1133.8065124969776,21.222762484438555,86.95480650825479,1
1476.057596684445,7.393143003328983,611.2209818921634,24.45489521184755,69.0337094138827,0
1039.5118112456655,4.68294085394606,1260.1183129749497,37.76629568763284,95.97939339132431,1
1289.6369927241667,4.945390920980136,639.2595610843107,25.37060162052398,69.74369066014616,0
1205.0369603127178,3.133464081853608,287.792612722116,28.888750531340158,75.32407013340136,0
1239.0704394195327,4.11343549761698,465.0426680154023,30.002406932531642,68.27514403993663,0
890.7960864578134,3.2303945719461984,1170.7434860020817,28.655325931079243,77.2327083592026,0
1209.8040697035772,4.654107880153154,753.2305466189997,27.612782696370033,57.57778307364725,0
1399.19931649818,8.423416960284687,635.5138110528197,22.023531182003776,69.53958201183279,0
1780.4574431180167,2.2561977141372873,848.0054677558363,35.25463774139606,64.07878799651434,1
1583.7083304340827,1.7728772042465177,950.5348208502635,37.03598321818943,76.35338347892291,1
2061.272983004623,7.942340654987217,1135.2196447707383,19.58670652938657,84.94447375508908,1
893.0609748447803,4.581352645696268,1234.5497689678778,22.8798570455681,81.46006187114551,1
1548.9282546882714,3.6618545226801666,692.0694062632742,26.60094828811497,51.28340639141108,0
1273.3368022953407,7.079809374792153,402.1856941753885,23.177311025449043,95.4206965292788,0
2075.921173287069,3.788768920526272,675.9604516630172,30.529827767279325,77.95279940620868,1
876.6806858579394,8.652019427093872,878.0841519748658,24.358638987966934,67.23500859507,0
864.1112631276897,6.355851742678539,510.87232213681676,38.825280339033014,76.5712791899094,0
960.2429418223911,4.024177183708595,512.8547255314871,33.95274297171798,76.76189822502693,0
350.4417102760773,9.314616426531007,903.1363644649656,29.062870153161075,68.33151283048436,0
989.6979913276956,3.788570153993323,785.4042945288646,33.13493131659866,76.97916667342075,0
5000.0,6.484190744018614,809.8390986234759,33.52950212178654,68.92527712379693,0
1260.157514590483,5.598585160812984,572.4513995899791,25.180262559708783,70.95638007309978,0
1336.7023903108638,7.603482578797596,730.8797857382698,23.918913777290175,68.13720864244915,0
1950.4683356863545,8.123022393453706,522.7300567195086,28.390715314848237,60.673287102603474,0
1580.16953527442,5.064008298131533,1067.059523337436,32.30818062248972,76.45836470215384,1
969.2385377350388,3.4931642593076333,1110.5748004171257,28.695301993267087,80.85299436516338,1
840.6341314606568,5.919944285878233,246.1436413285719,20.115017589045014,80.14883596076372,0
1396.7676686026023,3.6445692604957878,521.146741942277,23.985877780245787,83.19925252635234,0
671.9067171917432,9.026774495053246,351.0412234729763,27.63013568202811,78.24340210014869,0
1932.5835063417414,5.273070662165475,604.9928196779306,27.62167197837085,69.67274501783096,1
1671.7760482885149,4.269356897375783,774.9686090628917,37.86271088394904,83.39663864431189,1
1012.3297391581181,5.3693606117298165,365.106434090441,,61.42482460158065,0
514.746188363649,2.305747420940607,523.442056062406,30.527946209179373,65.9932861748752,0
1741.5489496661653,3.056771922978697,498.81278837555044,35.44556554164145,65.35799928576755,1
1154.184061898953,7.400827815888851,862.1801988196831,39.35724872711398,85.80056059139311,0
1695.1265247893848,3.6862114420572087,820.8033011108752,25.978012884080194,84.42788514140075,1
562.2289364822532,2.906178034636121,583.478733998824,30.457147263600998,79.87305237044995,0
960.2499908184909,6.073305505054572,853.0462616418193,30.848801785993235,85.71929865211797,0
1202.0974798872733,7.371408309325994,635.9959746238204,28.977408657766453,66.20717217588012,0
1218.7922375058968,6.437906621330134,718.5034669021841,27.50577399380347,78.4859511986098,0
1019.9738114083025,6.992095371611633,1302.035627089561,30.17987694750023,73.74825571616836,1
1449.1399729389996,3.4864098228610785,1202.1383155371043,15.338769573901573,83.46882103884914,1
772.9518282469622,2.1563786665163125,410.1256289217207,31.410347450313157,73.84775767447802,0
1143.0482059914825,8.002667303910973,1048.9197253637524,28.630889518309836,71.15057111589918,0
1248.1182526847595,4.354640322315729,1043.4189663474776,26.887625516108674,80.4090851856099,1
1405.7755336234995,4.498333967089906,455.52101337421453,38.23431097859779,83.76169167191233,0
1484.645951235556,7.656388283698115,1045.6332931264583,24.625329906047238,68.31654805153198,1
750.1431632648523,6.11246001880132,1261.3795755237659,25.984620054674846,74.38924328647624,0
586.3543317057511,5.911775544163215,463.23655812667585,37.95776651102367,64.41559366358348,0
1711.0707287594037,9.330004689802168,524.7491536957209,23.839693475750718,50.019389825070604,0
5000.0,3.712963539239714,1105.2984400530509,25.249423585317306,77.00459631413729,1
900.6053853773785,6.855680256162474,881.4485932476944,27.26487288284575,81.08905356254633,0
1820.4607902090092,5.114026249794169,965.442882571857,32.20367241064775,77.62066809086726,1
1246.2698537171434,5.537184557726514,902.176764920149,29.039012536766567,55.50438282245633,0
1671.7188736255307,8.056936852825064,917.2087762784432,21.536873264238686,71.49150569923525,1
1227.0073925640436,6.015671512579248,402.0583615066751,25.33915718436405,52.81652239948919,0
2024.2991699527947,6.076592158099266,1114.1953119864345,24.963227833938944,88.69701107654186,1
1902.1363369772816,7.145014674619604,1150.876997728332,27.613894773884773,64.13945417881914,1
1100.4143406083706,4.270094540914229,731.1827767795917,30.129218293149144,87.55403609459896,0
1588.628380381742,3.3215806653219873,786.9569150558413,30.09102877943986,84.45869643684145,1
1458.150379834059,2.910381611957933,340.66774923328336,19.11994122975799,65.99409647463938,0
1747.4526230129395,1.0672868212479965,954.2764268053504,33.31970493780428,63.672150487322554,1
814.0306157679582,9.112414259880644,971.6172325142433,29.262844229983116,78.50370216386338,0
1474.4205839993756,2.7935832685566337,781.3426949002067,34.92266023796953,66.55675962816929,1
1623.369794739835,4.557492752828456,1137.3060079611507,30.22099163645336,76.02484642158207,1
496.50420543075427,4.446373400222159,699.7768307060178,33.50661478867881,70.17172409193081,0
726.69659493369,5.614813395618201,969.38177776808,30.332726557250634,57.18841585534366,0
384.30712889595975,6.6314744250785935,494.1006983923653,34.73112878101374,52.695319808755414,0
1092.237266222177,6.720946976719491,792.9343547377285,30.611253180088895,77.26684248494597,0
1487.0169023183848,3.8338451228621233,747.6937226291493,27.51042376778548,69.38442253669375,1
1800.942820838411,4.665756572427177,867.5923766122825,39.36217360223441,69.46910183085868,1
1229.6379121679101,5.5651599009765995,689.1419213499925,32.44518561139946,81.95863839093785,0
1851.4462182285167,4.502617747632906,760.5582212984997,30.868722105022066,86.73442276632444,1
647.9594167140434,8.214691152039986,1047.8141514324518,21.61847791730832,72.2745527863819,0
518.6470242579381,5.981949903276503,668.9707288285348,21.55846191268231,71.59401293090139,0
1177.7809204413525,6.4697555720996345,318.0268697783962,,80.00143033113883,0
1353.626179575723,6.325762537334826,1324.8751712616263,28.727605988841205,61.43064430300424,1
1186.9221007623628,7.34694771497065,1214.436223607146,24.929387174958418,77.23153054747696,1
373.02315998404936,5.3620431174074135,412.3211914683144,28.7049134980603,80.51885971822153,0
1164.3519841948846,2.406336104088307,1006.9123415735583,35.94313464021798,81.80230208417629,1
678.2121997980587,5.799375903505283,649.107568834597,31.477012372751492,55.63247297497535,0
1467.8690195320155,3.697286212416342,879.0461645993179,22.294957451236307,67.3864473019106,1
1346.6392984387394,3.9427666365004863,888.2672387040482,27.442455864285282,66.21736747176533,0
824.0480854690579,6.172728037510186,729.6776599051034,23.975167595737197,75.99886954409213,0
994.4532330653226,7.476566142867272,564.8703003240811,26.061500417957195,79.80744579767983,0
776.3145912444194,5.042543153472123,592.8376843051221,25.931921671851786,89.96710407445981,0
1174.9283610907312,5.617666025197927,525.1424253556272,25.611772086979975,70.05034519631927,0
1582.0569282004953,8.404429889270476,550.4533375308665,21.724323140133023,70.02427501690786,0
805.7095814657825,5.4815063589771365,779.8465129851934,27.36172659240905,86.49672018878746,0
1401.6186062071379,10.203366228360789,585.2720032667745,25.19696181576345,77.96576938530305,0
987.8969526510236,6.1310192912630885,1004.6156197137859,13.35275654998866,87.67651511187974,0
882.8508670950623,1.4784744816883646,1246.1738466007782,38.26486012250832,77.88728003009837,1
1157.187856018177,6.506683242209065,625.9840275889871,33.44384827108336,63.42883381286729,0
785.9030710322504,5.7623167697655555,871.8213501606131,26.11849637537502,61.668716452221936,0
978.5402778611272,7.579505508165491,949.9055330908801,28.094095248702992,59.48487750941071,0
720.8488429644606,6.346362702539917,941.6006812757823,22.14172826341219,81.62051834758473,0
1985.8900531665558,4.723088032032452,822.7865803748263,36.47861438905433,86.88596823087008,1
1214.1054207886914,2.5514035274212685,1022.8047255079167,37.486443473865556,93.4936214138638,1
920.1097968029658,4.58195348542795,944.6746858041972,28.783468641232623,83.4310533232324,0
1285.5919642936888,3.2989590915813998,428.70127330181066,33.11765322092673,86.62838577534986,0
1155.0687801236681,3.8389531003905546,1060.746819316782,28.87643389466962,69.19983667346315,1
1111.6121601867108,6.177156808841219,1066.1872511800225,21.316372805620347,63.43584183256144,0
1445.66668001737,8.339809008702812,571.0141687464255,25.940883155181712,83.50079332417553,0
1503.003084018922,5.7893430596459625,811.3813506342806,28.659639833859785,79.176807522394,1
987.799540955789,2.6082338759296313,1004.9986978433208,25.72726140628278,76.07444374340892,0
969.672703742128,5.889205336440281,737.2058541261915,26.90673361282482,78.8737148063299,0
1089.9793211393423,7.393262973291302,1121.8934143298036,27.54300221245443,78.23185482458206,0
279.23153410576606,3.780434191361236,1509.161748385808,27.595607510672693,87.83816859853562,0
593.9235751205791,4.7319656666541645,564.2041902095053,28.261292452487417,87.94985584816956,0
1746.7497069778099,5.0293763894583945,385.68661905386756,22.696974668016995,80.44220352340346,0
1857.9870854005135,3.43020337383552,891.1455786814627,24.41491925436032,83.45802872562928,1
1100.3855841774487,6.2965608676877185,1016.468751537843,21.577078671500153,80.14062552424775,0
1430.6227852223064,4.758103702784437,730.7400878465693,,70.3883026796538,0
1324.5000618174145,5.839064887814056,1235.9781989963103,17.471765290798377,82.5656467491314,1
2431.552323382095,3.2250156443958,398.41826008302536,33.767951716584626,61.05504931140739,1
1647.8299645738307,4.125083399353179,1007.8755869094833,34.93174698631422,85.53891552295883,1
1148.8329634076933,6.444762715655543,618.241753772332,26.48909706508689,63.05477060233965,0
817.7838237598297,4.254333695816466,1315.813371862189,14.984314560863506,77.85803286794733,0
557.421471896971,8.45392770246681,1397.7546059504355,26.193447190163546,66.54846041573842,0
1281.3854543468892,4.200727628770795,570.0030236649957,27.679079193555904,80.53388983074427,0
897.4597018862787,5.449369451503772,635.132859227426,22.947008900355435,74.66074774072091,0
631.0985161609303,6.8651816637461796,1057.8763660939405,25.423908030958785,59.05244041836667,0
941.3708463029893,2.1632685341339366,683.8608050631456,35.65097599431676,79.20699631018479,0
767.380798554242,1.4783823760384482,786.3766346203286,31.324635811508706,69.22079223167289,0
1874.8566540290258,1.9486873708598105,807.6165261627231,23.3771794281095,83.81146720813369,1
1552.6559027797803,7.525168206854364,224.0980531407031,20.01200415202284,75.01325688734407,0
1196.810943473353,3.8962837082151065,795.8486761717288,26.364913411951143,78.95420985388039,0
1791.9776555560102,10.116398571336504,593.0816677807478,26.93271610324781,65.42431044984788,0
1230.9473230590472,3.871504802685223,652.0631532800684,30.480995936816583,69.10667768572638,0
855.4863194686945,5.369102606394074,1233.0896010406443,25.323416437161704,70.41361363898915,0
1809.2496309078629,8.08421990513575,423.0479317162231,30.557497876809308,83.56702480242555,0
1415.5640174738635,9.012185776318246,1043.9615560243933,37.675770200301145,91.77377087805489,1
785.1015382694175,9.123007153272795,716.3111209004575,32.07750511222131,66.94828248257124,0
1123.8645287665568,7.416732461186285,716.0719494512497,27.759557463346137,85.7684814465768,0
849.7526986460971,7.048125051622925,1037.1115688155135,27.084247644733527,53.30322582274298,0
646.8801076142656,6.185053898402366,902.0153883706671,26.216634329100643,63.058105989077106,0
1570.4710190126566,6.5567221523332755,971.1838991658593,33.903204562260726,65.41221543813225,1
1963.7666561880521,3.897628567342933,1090.4553981598583,24.863432770243485,61.474913105592776,1
640.5729704723435,3.363602233155386,700.6074850450032,28.22611354499991,59.1641161021242,0
1425.1876946762284,4.993251085178096,616.3289796476749,28.255989509405428,79.12998912137797,0
939.7429723512691,4.659630754950143,474.45484203266057,25.49107903594234,72.85932302272138,0
1005.1498464941216,4.093543901345449,552.3768410063135,21.137672260579496,78.7940539760511,0
963.0424303044523,6.392774894913431,1684.7283275926175,29.61487251808834,81.90472686121512,1
854.4036921280735,6.910610417141021,1173.403874221036,27.694980140723082,77.65616993172533,0
1219.4086511779308,5.176813772583695,394.6776901375936,30.50120234718285,81.57763176150374,0
867.6199534355849,7.955060162110524,403.26261297692895,25.331998467804166,74.3046771375773,0
1308.1827303119355,2.71662177173299,944.5598185155475,34.10410649406524,63.13006611694256,1
1179.9047562203452,4.612681081440564,964.1794392133901,23.616131093940776,85.57814180820796,1
1104.4207812534362,3.5663553587943904,964.6651505952093,36.56020142008946,69.10887867218872,0
836.9745351833608,1.26692676585388,723.5132619338906,19.261817450858693,65.64403701237575,0
969.2914677726669,4.834638628314601,762.3637219991299,30.173850322784457,73.22082124195602,0
1502.1564903303024,4.756504983233433,898.3638572478072,30.377153412633117,65.87189080703487,1
1400.3668750497523,8.026899486484261,825.7679018879991,24.02221466029559,70.82569618010568,0
808.9779020805795,6.2616233691095555,134.20988817573948,30.12196968930506,78.44053921563466,0
1239.7329221716905,2.95162635134159,731.0601108274418,34.3975933488008,78.48341739246126,0
1500.5548493487156,8.708185132668376,544.5780697219059,16.915905803229677,66.0216993357437,0
532.2378875514513,7.442067391050706,852.5634256725536,30.51372403745407,70.12294627051256,0
1417.344076951974,6.164195406937232,1695.577700781023,15.533645898349612,85.74333004770244,1
934.9504964216613,4.547031802300336,910.2444996422913,23.17167598238396,79.96400117733941,0
1428.2394674372638,3.0811215265530407,705.9410941482806,36.145831824504725,95.75065039348542,1
894.6963373829933,4.255586447857894,1076.5404505931756,25.09108983303973,86.80128173741528,0
478.0471597341924,7.177497239408372,944.8063661627638,22.130600177955138,86.44293068559939,0
548.9830248467349,8.769172611869218,926.0283471355524,27.010311355076592,61.12131449544198,0
1219.2339786645528,8.086487056544378,982.0551779647013,38.339531690817765,82.63860351633423,0
1303.8890006885927,4.022301156427452,1416.9630694488624,18.84158876396987,74.4689319830309,1
838.2733499582366,2.7607651334219776,460.7334694022253,22.743450441803276,69.4901819646175,0
1455.4369835109496,5.281772493822408,942.0896230434364,35.48715841589813,76.68015340532529,1
535.391975092416,1.4631212688742967,522.0856610055384,37.288511717688664,84.45211534611484,0
1173.5680805410734,5.646335428369563,966.6537939026745,27.48284387854858,80.00831591004211,0
715.5935200950173,4.7047948274026625,524.3940465541716,21.80473648736679,66.2152619865794,0
939.2655568791363,4.067926996263515,674.7899559184747,38.479217509045796,82.4245891359262,0
1218.9594685265656,1.810593865466409,711.473025728628,35.97221195874599,68.62412457924036,0
855.8346538864191,6.027200213139433,1092.7450158034126,31.394734938811165,77.16683118964286,0
1046.17778230807,3.9345983206761774,1075.536333182724,23.9379882553129,71.96649932522865,0
1602.5171236857761,2.660166328579424,426.2847870660847,27.754853295809816,72.81133748264374,0
969.2432521907405,-0.7445244265632986,816.4802332999546,27.198199594775847,82.6624297504051,0
1534.2768448260567,4.9449701898987275,587.1260435752482,29.65425652307789,64.59806280184102,0
748.1172581369527,8.544503193339487,422.4485267973996,35.255007190656684,94.45195074276933,0
1411.9216711661131,8.32251842909574,734.8948848726889,32.39708520568701,56.78913930705504,0
1776.6274482631602,4.0858074868274565,707.455163463254,22.613119615076208,69.02332316745142,1
211.34219994908426,3.7955758792764387,1528.0149459036566,34.88248225009769,78.70211889941741,0
881.2418978118093,5.937548512150047,929.8879476082088,29.565660700065777,80.8431416643531,0
1430.828850872216,3.0032291216234173,386.71474977372884,31.43532897929458,73.99524279428294,0
1118.7818455828028,5.6035837996389315,630.5677987487173,35.33270429639302,74.42609296998458,0
1348.4583493485236,6.53216055676938,1106.4149886288196,22.442098752432244,79.10550085327617,1
958.4059253136718,7.453866447768615,1426.5328318609775,27.820872106467686,72.6893052254232,1
1234.63591498916,4.799691847040094,324.2050063286125,25.342727243203925,88.93181257934906,0
1137.729105843168,4.592652499646068,236.02268445828645,20.16070287317272,83.39349114231602,0
1667.112824663923,3.244034826486878,1361.2895526115346,29.733549888024598,83.72824351005634,1
1301.7683373204852,3.3462392919202797,916.8842532112711,40.55778275792212,65.33843276629582,1
1335.0410648300808,4.547042216196947,539.5121804370901,18.799611277471236,74.20611575594297,0
1035.249213551013,5.734731013632356,960.3887258367306,27.83859694475265,71.99534051279296,0
1004.9575103710026,6.827169252466499,9.27567829493671,31.20271467537387,64.94398624310534,0
1026.9767248721516,3.3936420986393103,801.0126519791482,28.615391008280906,78.60164183945767,0
1357.7808569513188,7.985377137919043,898.3463518529256,27.434359737421296,69.62354242220184,0
1031.606207671895,4.457752797914862,1077.281041861349,21.503918182770878,81.55403829850238,0
1315.9099427585652,4.957265411303128,495.83121431223867,29.163933714700818,64.29808437105669,0
2030.1603194581755,3.5055766417043532,825.7061484210077,24.21618011492037,92.1904061284182,1
1548.4498813726768,0.1515194794541168,522.3726121821238,17.050391475107233,66.03667341407939,1
1069.5905871328634,6.7680907927220995,876.6151267022951,33.972961102568654,77.19302337200436,0
1680.485568865578,6.473687794184867,531.3961032910927,32.791929099210215,82.91859310388068,1
1036.7698507913794,4.437344885763573,677.5697482519338,28.2583048842554,69.29359569799887,0
384.7501859288584,5.133981434449744,501.2553815629313,29.145373441028514,83.52468643432951,0
796.7654756330384,6.031878435408199,995.3408725470971,33.371590063577806,62.70816402199584,0
451.6832315896577,1.8749082862269146,1057.5353349969996,29.121698283890414,89.5211769918256,0
1059.3946063834765,3.9418946453074106,729.6138290127759,,75.14149264965758,0
1207.3673516758206,6.588529359243655,811.4713984880085,26.51258899563075,69.0358859203112,0
1870.5749249101132,2.491421153661501,365.42257560993676,34.55991869286973,72.00818227572566,1
1330.7709495056652,5.587115864333258,710.0970055979639,29.603928629663418,83.08919269392719,0
1112.3597884764542,2.28683639075319,784.9386148874765,28.97025971802937,69.15544708149562,0
1531.7622324733957,5.932859964867053,1586.2379273089925,21.64969455643984,67.50642310577223,1
315.545876396846,4.9287170354050325,466.40989226775093,29.434779271508543,72.78463402416261,0
1294.2458232434265,1.769736368188981,1239.2531716257313,23.840225412527744,63.23037887230032,1
1508.3460775547867,7.329478708914342,1099.0576320397424,24.808586367357528,93.20543907941816,1
608.5655016880634,3.5308168464039014,884.1909213470409,23.923121858419393,69.33605408785277,0
1657.5016172827716,3.3794951259712382,1327.58614525854,22.668825340503876,83.31616786180403,1
1335.3985629977656,5.401138394461886,911.6316417820589,38.62385701508481,77.09470083647773,1
1033.8848344396795,7.29727469885743,916.7477587003787,34.656695309942016,65.15465949518031,0
1453.112746442514,2.968356362043206,784.0638040947364,37.60183751072131,74.94045290787271,1
2108.2771431217584,5.123359699695944,1167.0706647255884,21.88552490222218,82.84002779310748,1
1272.746502023398,5.857633000661146,1128.9407701432651,28.356268749554463,73.11738664913693,1
1299.2882345201344,6.386211214526288,612.2968137511363,21.53246187397952,86.93112945851028,0
1016.2556401839024,5.35288311055445,404.2258416203698,24.52152561401468,85.21515392781863,0
860.0622522140833,4.265944321833356,739.1058087813029,23.409365082917127,84.1891485465833,0
1532.1343266176982,3.344819558702561,559.9884306807061,34.197920032207804,70.40343227727003,0
857.5664696364531,5.172287766092749,780.9426276153935,26.0188516094912,64.20157552218512,0
1228.626494887757,2.855721976028786,1171.2314404052418,33.341896668470085,68.86412394637206,1
1008.9370212939533,-0.8427009669892147,662.809503473963,31.02060444794259,76.9624094066672,0
1391.5919302985567,5.873119608315336,787.1529856065275,39.51819376052394,80.45786713532355,0
1333.4648421147792,6.807869682172391,817.4068204425186,20.60277888430138,53.28428595239552,0
1615.0159777031597,0.2741351289163232,1054.5292646615853,34.296166198933996,74.91886798388249,1
995.9934404581012,2.980538590580125,125.93319980461843,33.732204352003635,76.58089225323184,0
1092.0500258826514,6.238308522010396,617.989911570411,23.133105809864826,72.22455743684448,0
808.4945136870771,9.114990939423397,863.3851076838419,33.0356666823658,87.9127383901588,0
1022.2826959695553,5.041587415350816,1160.0236869280584,29.680724815131143,79.21780074250871,1
1350.9201972179408,3.543994117541731,652.4292657481385,26.86261870023296,88.10191908080897,1
1502.7954466581407,4.63420711779032,237.03418818743773,23.880322565140002,72.84039479649768,0
831.1338703289498,7.74975283829637,985.9134337898408,24.40445274275407,84.37477492506925,0
1547.842368042264,3.708071641750929,609.3912833523112,38.24906047892963,91.35066394527519,1
1742.2551435219802,3.401615986699493,443.10000227289163,28.003414094787413,88.11693449272661,1
1365.3739612894803,4.034512955635935,612.6963830860327,31.910650007657296,64.07858406571268,0
1950.7183250232265,3.0933427834825755,744.6423927032452,24.045503091662233,72.46323922457618,1
890.4843203585708,5.245340631989591,618.5766006385362,24.100735268891807,71.54835294550203,0
702.1381186754331,8.24935691693912,138.33018287027926,33.409924046249714,79.89254535076327,0
488.51190043828854,5.6461585462320585,1069.1198590661397,21.25211894224234,81.86353555014533,0
1798.4177245956732,4.495292995747425,1182.4625123836167,25.923931160473643,66.61107325974264,1
1461.746262541623,4.416377462168912,995.4565974018517,28.17013705536116,75.67838513916938,1
1177.766131635818,1.873618382606686,458.694298872555,28.556863009200264,54.800726678438636,0
1311.987450527928,6.766219554294318,739.5525398157446,27.10453357491922,89.4194500580189,0
749.8043810806494,4.8443256059743955,798.0436054311626,29.979098905479617,69.87625759323306,0
2178.3007918467306,4.639040172818749,979.638316868573,31.464278779089057,75.55863939844497,1
1251.688472790091,11.38621513568972,1000.5021466154242,31.67318772729665,71.90350286011939,0
1243.7579178419571,5.597505816731372,579.7478603664513,23.07098095666087,86.46027575013414,0
1490.3066495594767,3.4964178998096314,824.5986669240681,26.579224510356013,46.62493558602621,0
1392.4036926946853,4.147284807588913,937.1841213845723,33.973814309384686,74.83389657674091,1
1289.5536097116526,7.29689141839351,1236.74669664403,32.47323593786936,73.94181242502302,1
883.8102178218753,5.226540821075529,1011.351961947417,21.13570274259468,70.46363612408317,0
1388.5873428543982,2.1234440433652666,1036.7170062126556,29.757399501761007,92.26226545635632,1
1952.8097985900135,6.838457869150407,825.1479883788082,18.10887375312595,66.12670541144229,1
1738.168018461991,3.663711828922012,1223.1377435610511,28.234674510301847,82.71796177235662,1
1837.2746506557587,8.74659555243509,922.9288387878493,37.48883508372988,78.56252788706084,1
995.513729427526,7.160096131429297,541.6736269479288,23.260536413655068,87.61519252535516,0
804.1580718965677,4.1053562086824975,1221.0109910375572,23.82838477254209,68.32810915222494,0
1149.6852319601408,7.562032723470226,1009.3709817617083,31.820148907864297,67.67031100876241,0
1222.2899649154779,5.1357110210548065,667.0867936614553,20.285992423951768,85.96069907477398,0
1637.6766073883794,6.705547350244439,656.152109780227,24.836224850574805,79.2532130833011,1
523.0141481140722,5.96946563458895,888.9726635422285,30.982205687908763,59.55062653323242,0
1811.8201277842454,3.3072866900182527,938.9554385802754,24.828570761552985,69.60694985536729,1
1136.7968405684041,3.712900335365076,859.187679689362,26.820150063945142,78.86382653848061,0
1029.247572021032,7.059921635162322,893.3926020328655,31.720928551575174,83.3776422154659,0
795.1582498959331,4.330449335786918,1309.9872123729142,30.107730417682806,68.20769346807045,0
538.0573312536923,4.1927030735160065,1121.4629456704656,29.33409198147701,45.85744010183059,0
1529.2682335847658,3.089754841301294,857.1906773795073,26.304388603649805,80.23223185737034,1
1229.3271868753616,5.847198131186922,1082.393174230245,29.850305576344777,62.796793100560244,0
684.0156401035784,9.12504983848629,490.24282894173814,27.381336599501218,54.82661201877589,0
681.9684911745536,2.8649341714914542,919.3781149840427,30.289028049628925,46.676740750158594,0
1065.6861202839486,5.0484389133455165,1342.7919049199331,25.51533987441011,83.1398086019774,1
1867.608610115757,7.8244411108308585,734.5862313822879,27.087155128102296,76.28617450404967,1
1096.163459454558,4.84071721750857,545.7098214142745,23.05021103723993,72.74343619287748,0
598.7428187527576,5.904743592499468,604.3733334220818,27.82496194996882,88.89024362962762,0
1101.7027743656222,2.8752129437062406,473.1100887972835,23.944995681855776,81.37324683023073,0
1090.9105721009319,5.856614194415297,564.571427561689,22.429767749190034,91.16300042721917,0
5000.0,4.625711469990902,688.8475704229913,29.293305739276942,61.072645278330036,0
1178.282053392875,6.971459991359726,378.3298942464074,29.063698879288303,74.65449376046037,0
1107.6261879165288,7.374772103129502,804.6855001848809,31.914368674742864,58.83286625051986,0
1478.4825459253673,10.179127284037229,1070.683152135994,25.844372152124507,72.70617668144533,1
1939.582437978138,6.1592663464271515,527.6731459559239,30.04026423418378,72.51384146233323,1
1650.626011819103,5.6515926331643325,1255.7851770925306,30.753987861368316,81.26613637263071,1
1092.4445237780678,5.388768603154672,953.2376265582784,30.223869039157975,75.45563881141898,0
757.3896365033319,4.293667414378623,1109.1741756872173,23.871731585989288,81.23407138279916,0
2229.343921299944,5.6769676869233825,602.6496338443588,28.746817411355945,82.03440133138895,1
1223.6873736057953,4.409197179721941,1056.3575681199848,29.820701480273307,96.54928677383143,1
1205.5717167651785,5.336921952539228,472.4198298814061,28.03589233453971,71.84703344713876,0
1190.3499651559987,7.63519507121592,1067.0742502509527,17.567611708144575,65.58977299333621,0
1279.233904307142,2.9869148694407177,851.5518019380594,28.8024481198674,77.46083615316408,1
1142.255835230423,7.279757122258091,965.9753659954351,39.06265519698621,66.97719972860456,0
970.5351972479054,7.634230134679731,447.3216183125445,26.199803656215085,89.81960768436537,0
981.2564235038432,4.763862946017842,531.4790473170185,24.359614510723393,72.16781961054767,0
1186.8986919136007,0.7562902019828108,979.1684654760154,29.86674279855699,69.3442363212601,1
982.630091546494,3.7843560258111353,515.4955987327398,29.561891052332857,70.28684278848883,0
914.8616869291343,7.593989093122218,938.9618876297369,33.96367582708207,82.18417423471641,0
1242.5720910767586,4.954263875402236,389.8586580619263,21.71065922045556,73.42253016768515,0
1098.009113031658,3.0013955354101785,1054.4522638000005,31.65690126287496,68.58333179869618,0
1801.5971954330753,3.990450157543565,430.2430055694473,30.952110306257318,91.6535191762353,1
139.61207664279527,6.681240053009106,965.6899813038569,27.28926731529727,66.4383015933825,0
1636.6027407689846,6.093467136402759,987.6892800938002,29.69343658960845,75.35566074032994,1
1698.4340769990517,4.522135801660611,590.9684544711275,33.14728740799178,81.5230615161023,1
370.6439070367402,4.266351176370625,974.6079701254181,32.36157690014225,58.686648895829265,0
1062.9249623678604,4.216483701912356,878.1326790000668,22.284903439631357,79.80260501405925,0
1051.4236536016833,3.155179631002995,638.3474431421785,32.100790933777425,64.4489232451955,0
636.9953221128715,8.230751378938884,497.43359477713756,27.676556974837407,83.22782780834002,0
888.8733249636499,4.35535906157732,211.21229249822625,28.364370490077576,65.37348988081024,0
755.7696618136686,7.434317041650993,904.8950141899081,28.36598495500847,81.9276903184886,0
1900.908177369449,8.042632103844902,330.55916859138347,27.2487850560087,86.05833066294713,0
1574.2713572589844,6.996621796295921,828.6032598323925,33.958537485535324,83.61436525632806,1
1708.6220379976635,4.136759374563903,720.9655351753253,27.58141020075394,77.51316648238102,1
1488.668825617294,5.807460180673219,1003.7428326314587,22.402269358084155,72.686990570703,1
748.3792915131083,4.951608787218167,709.3863501530408,26.032350720151356,69.23580423665156,0
990.1918934880905,3.1925962785397437,701.1656640958726,28.893473584052376,89.71034690817103,0
1395.7498244911671,5.6487185634432056,1019.5612112864887,34.146073921485254,68.00504779832357,1
711.1488764432219,2.641920417680395,900.5174087252352,31.01547342474417,64.62933926430004,0
1485.1993720689552,7.375358776923127,894.8467871548335,23.74732360626478,81.6536893503283,1
1103.869840736746,4.070765405403214,940.7802769425579,40.425949583394456,67.03863196813505,0
1050.071676980161,5.4023193117456785,339.32836303786826,29.3238765548899,65.49936502533873,0
1484.3839872813965,5.566575743092284,1027.0366039960945,34.37695368999508,60.56395737830235,1
1377.705324594416,4.482190052591846,983.7406382040807,27.241427832113853,70.17090160539482,1
1055.613533672368,6.17338760295055,494.9950614270508,30.666796223527246,74.17284976103507,0
1663.7319213456992,4.050192686754951,726.7758578977396,32.197342522592024,77.43091727660699,1
767.5746689600411,6.742594594914488,788.2078137117106,34.09097355877128,84.51306244299484,0
1446.3742427777056,2.308040639506503,759.6509646794802,33.28684152689112,80.26897923665794,1
1437.2405031873536,5.2527591590928235,900.1579899705604,32.36098500036489,73.0912778044682,1
1076.181424274404,8.87785799811657,1229.410034549355,26.424566344029458,73.0180432362028,0
1330.4532088968472,2.9993373507888506,1124.5300183018485,25.14126979021969,80.10157468915183,1
699.5545694458788,3.644510058950297,406.33424197057815,29.663037551620988,87.7257016292857,0
1569.6108076827604,6.02781569931783,986.6209970918146,32.66564036170534,76.263141994832,1
1126.0391454228043,5.359163563879196,1198.679995860623,26.886396496116966,70.3086914578959,1
990.9107917923842,5.701260198547119,916.0425562067608,33.325859828571936,65.07133998914455,0
1619.6036903347558,5.978374260295327,1127.29412755579,35.263083727430896,60.547947355877746,1
918.2625237828963,6.269442937123539,1403.6811337102295,23.418395404632903,81.66269672043524,1
636.6154814545762,7.219399683912446,1107.1128638320945,23.815396481018603,80.77978523639557,0
577.3483305904385,5.819637313857025,874.7925786925186,27.298124705473317,80.77363525106662,0
1442.4039805382558,4.517484690762915,1113.526542225426,29.538063340945982,73.71340553647944,1
687.8282590014868,6.345147402405463,843.4663499290674,25.377164931164746,89.0693474589175,0
5000.0,8.799763869790432,807.1709129854867,34.76101339433572,70.15881505415183,1
367.2282368465112,4.7347325072348525,694.5757292858802,30.120334307592255,84.55269237207206,0
1878.5825473160153,3.050941390658717,1269.0240076496325,28.197235241203696,74.61257105010456,1
1284.4069868810473,7.214161338573946,554.4714002173996,20.82045238065736,68.91649235320662,0
1161.314755251843,4.759237672092803,1259.7103174034348,21.420920917862464,80.92530307317762,1
982.0323652764201,0.6546609079719277,949.9592371221114,29.405046251409033,79.09636118683994,0
1359.6544457408284,6.694843354300843,380.20814755941757,17.33702186922582,78.56972759266927,0
1184.9461190300606,3.9293436280921545,910.2947878974264,33.06318704822036,75.812784220562,0
1641.3207528066087,4.818933435391679,169.99204770451274,27.209230778138398,74.62106918283169,0
1245.691059464816,5.663960661138029,987.6524050493107,44.215464847973664,98.88371992870438,1
1260.1207045847511,5.380999359558133,1065.5694448966974,39.539581253080556,86.84256645196173,1
1054.5551151144577,6.418903634278079,622.2932133043839,27.092754653762416,82.22826894985512,0
1177.221750511573,4.129027258860313,837.0643087866747,27.468314987343426,76.11799158203388,0
1323.1207075568236,6.026211596352166,1386.247230125086,32.977907570010146,85.07157200596669,1
515.9326429373498,4.4809066448321655,648.275988721419,36.51586304959019,80.17994776391451,0
660.7258311577148,6.477620961775006,482.32772388301987,19.809854712819917,75.26204752774035,0
1497.305637609086,6.230734968026107,1244.4990207387796,19.06812267322657,71.96435674734084,1
1268.3461752511766,3.1291225959108093,1388.7761571592384,24.889825972228092,74.19082662337311,1
1126.4066654589283,7.1719642323500645,801.1087015543542,30.91368791586932,43.29574264121945,0
1207.3735732261573,3.928073109771904,1103.438910622507,30.484367952537987,77.10600839297642,1
1339.0326821446683,6.61611559656229,1202.4427746592644,33.348857274919254,70.1152391988964,1
984.0961278762554,5.734574626802681,577.2547302384849,22.001512358173457,90.92669998282884,0
888.678109839075,8.676367353590244,654.4082493896395,16.419280685155616,75.19344070811755,0
1278.3381020390725,4.553068035256295,1169.2623539464205,32.29007097651073,63.110365804650385,1
808.6508889539872,4.301366407763605,1305.5042836125529,23.859018635173825,74.50119845871882,0
1363.3011022857888,4.961160788224535,968.8642580523065,17.90756067805681,64.53878914937496,1
518.9665583048638,4.3936404343314495,536.0556939493838,28.725318729796907,79.73407415712467,0
1611.6622549302574,6.5998838038841,1396.1183335098324,31.965878441093388,77.90947364339485,1
1389.0389929652172,1.7673787831268242,640.7087306564107,27.389714339393613,84.57839631108267,1
1302.4118937255503,2.892635161707292,699.4586656485644,,67.09118208305435,0
1593.0763935782056,2.864394156841614,902.7013503468864,27.203188839270467,75.34008096228146,1
1866.1897777850306,6.900615183947151,1266.2481262144322,26.147086187996084,61.34978204573365,1
1605.748026007252,8.42122674516385,1056.1927929656672,21.259764440299165,82.01494781924714,1
463.6503074673419,4.791101562925057,924.4596501085731,24.426596615047842,80.18871180440122,0
688.1692133057194,4.662356553619979,938.9865590354318,30.606399525069072,79.9580502102757,0
950.0725689217285,5.140104326226362,813.0544005930399,29.6083927068825,75.01619031356941,0
1210.4364200843336,7.323756605216381,967.4418543555519,28.8402990298341,79.14772890788791,0
1407.0636081876492,3.145293731618852,41.13197669170904,23.024257590733104,91.04339108308596,0
909.7024747386138,5.47673796546957,711.0177622790604,27.092484189321663,72.14905742957986,0
1274.7067057908314,6.95039525956486,872.3965804750343,17.114674767785726,76.38645183710085,0
897.846827058671,6.002188339879691,454.6957749141479,28.892383319426948,64.1387370081859,0
955.3928788032207,5.379163233197486,915.896995343468,35.14428853906784,66.31739038401668,0
637.3355612607111,7.002092185134282,738.6586337041635,20.62933933978947,75.97813293093307,0
830.7067015556383,-0.40646458599847435,1326.642709494647,25.070361633411224,86.03933546701907,1
659.3261577534665,6.3557506390618155,1271.905917564457,29.64553389355065,72.43719175748427,0
809.6506988090669,3.6918486337451526,660.2583292645511,34.26421317213742,72.64083470687876,0
1621.456718643136,1.3387342062870862,754.7486865299913,25.758876918499254,70.93114755495625,1
820.2404444672228,6.022405199049961,777.8157303174822,24.538748353670517,69.65243329155678,0
2252.9528259349563,7.747317090325915,664.5021571521132,18.155384287919585,77.94971455708821,1
1397.3271603523558,4.725102970744616,858.5074952084381,28.51719064654053,60.027423548213555,0
1273.9344494779496,6.905749094405878,572.5153793337229,38.21038020071872,87.80939576666728,0
856.6568879275146,8.22455651597729,460.8153995187421,29.38679230982338,68.34577701870539,0
1480.1239517635966,7.629828907168095,986.8133671700806,27.888605104081435,82.21903485438142,1
969.7448695048904,8.279929058742786,988.8588752665432,29.61041155383493,62.30001402606124,0
1248.8039258581446,6.484254982143785,558.7052721020023,27.94453998025699,81.68840130546218,0
2224.033815307518,5.150867277803186,1068.6066292287799,23.93492813869935,81.71944607814497,1
1161.57604011014,1.796068376205663,610.5266812504005,32.116399578388524,78.84202072005897,0
1659.7093305142703,4.507875023740103,875.9495714113943,29.12880761555877,65.05571478200207,1
918.729429949645,3.3135068093676168,1046.1032037837367,28.088066259668288,77.49548189598077,0
1186.0046038012154,9.341885434995628,789.9162305888862,23.12316986360875,63.16943815265611,0
1908.320254254204,4.648228375135327,936.4222736423403,34.517539659673794,72.47236744903815,1
949.2131768848931,5.2464096135689715,645.0711068337284,31.32351372666555,85.29413100955325,0
1924.9794231987717,6.102970752080935,741.0600249715709,25.23539581316349,82.96701927070742,1
1483.1007741821902,5.087204892744907,738.2421707358978,33.009124268409685,75.15182942540433,1
975.0132896422929,8.390102080861507,576.0264960379284,25.512145808073964,65.25193424077158,0
1452.9630956222084,3.754701276531096,746.9677510652654,24.089982537444815,81.45587712174193,1
1589.021779850692,5.389214910474485,335.414510340876,24.201484412598564,75.19381237698025,0
1448.7239848868785,3.5150588286039035,652.6538758573686,19.144657234559546,51.79684401769577,0
571.9101120438174,2.3599549775585884,714.5373519890987,30.35771190209103,82.82629826316519,0
909.1451296700525,3.7764618181894294,723.1460742513859,18.84427560830825,74.75767166130308,0
1100.9925457793981,4.9259264059031755,727.5507662387663,21.857780843671186,87.02451247983072,0
1170.2266283599815,4.1413955509654805,781.4707400419613,17.622059954607334,64.04729481157196,0
5000.0,3.615158040252288,943.8324554258191,27.569651536045534,43.23296186803999,0
1271.0804003733015,2.1873650726563323,1062.3551222397568,27.24839769864064,77.79083858345186,1
665.8622565159595,4.83378885474261,605.0704319455199,26.36651893406818,77.91563676681973,0
1352.0791404023853,1.9905592519379955,439.0397433832567,22.787111526647116,58.093283723935485,0
1444.2342981135293,6.520111927379205,487.3866763270691,22.1388312328168,65.21500454133394,0
1423.916179172416,5.164879505869006,653.8391236415218,30.32184931773287,102.55217743719902,1
1632.3122902218488,2.084897001070139,694.4236046550473,25.247240341457562,71.94389385846196,1
1533.5688618195616,4.381581845900273,569.0011801407628,29.581791607680724,82.30958976376216,1
1383.6720316913747,3.4956871888188337,411.16500072503163,23.573756569378887,68.49340172631616,0
1171.9337154165412,5.638349020838361,663.1637517577435,28.905313713855413,54.09697101146843,0
535.6156265936035,7.680900892046289,854.4279860341915,34.51639018658032,73.29741753204094,0
1371.8472876530343,1.2496550607085108,978.5088397506694,30.930829001963918,72.34395439713894,1
1283.0750748652445,5.230052158294835,632.7730840675036,25.937930908917597,71.00121761331629,0
1308.6315348781493,4.679734408866719,676.1006533569698,29.285994851779638,73.85359164493607,0
689.3005696718762,6.342680152900932,521.9905073458067,26.796674127348936,77.64268271645636,0
767.577383836695,5.426393256475379,790.568248887567,28.03940092347364,73.49883048746193,0
1621.2611413331615,3.496061336522362,545.4714097427557,26.371944739257483,62.35993832052636,0
1184.177938457338,4.361892128666764,971.93834397236,27.178323970573043,79.86184791561939,1
5000.0,3.407948286393022,264.2400524197667,29.060466765370876,55.50628244677577,0
1211.3273504521844,7.152014277197196,692.1110982642613,23.033206502090245,54.496425427158,0
1211.902455798298,5.0426232973438845,890.3322017575226,22.920605865050106,82.39180494701569,0
1575.3135223903992,8.802381371506016,855.1503548967513,21.057287230843944,80.07020272135357,1
993.5821087130505,4.878678372370758,1607.910099194149,19.99864447748145,74.42604634925964,1
5000.0,3.5831864661790744,904.9400073703723,21.913586538897604,61.04551495244928,0
1015.089884517983,1.9725712147743457,498.7836209473969,28.797312534020644,67.92089059325924,0
1026.2015090270738,1.3937206474881099,771.360725873278,23.53606242254058,72.37253252313496,0
1076.3311506125442,1.8317281139890205,267.1260999600645,30.56807232115548,59.041060314258864,0
1288.853508653485,5.534253302022967,775.8200752109717,28.17356874376281,67.60971341976767,0
1008.5005513346091,6.017450046459867,550.0831828997724,18.15747893280973,81.5233033817668,0
1702.3024502294084,1.8376185959357332,1074.6170826680486,31.274877921108448,89.27305364289217,1
842.1570791121985,6.790076628152231,635.1379176213395,32.05399322795855,70.8056524734145,0
1125.2513423354565,4.033877896633121,764.970225261426,23.030686625825734,82.56488354316099,0
1024.10757669033,5.293586023971098,609.3326475786789,30.10095771447496,55.859399294125325,0
1778.7911537414932,8.224441256510849,1321.6554055559996,23.717508812954005,81.59451241113612,1
1278.6219106046299,6.793678631731064,703.6271701646265,28.48835188374168,66.9605158527252,0
1612.7378157874539,4.4629387041883355,1349.7671130437607,21.67750796522517,78.0734561670797,1
605.7758507852112,3.217615549169425,1044.24552863548,19.034467737327116,72.52247581760291,0
1306.8201063477036,0.6963691973413901,944.6200182006158,26.085914051935156,88.20414009783835,1
1555.8523182493748,3.56169336151516,910.6199441952559,27.381355268625818,66.25564351660081,1
1232.9135957101696,4.577739522344611,918.1391894648755,26.01160153192698,81.27606297561832,1
5000.0,3.0256409456976323,221.69822619631702,22.0798472088872,72.20492536703466,0
993.0846199598511,4.737486065815391,716.334981754773,26.000504689344314,73.41694521990337,0
1763.738976074232,5.153703765917537,1053.5473913552964,29.34647376290367,73.1614610684079,1
2119.5592494477,4.550288036383843,785.3308449577684,27.775534849387316,66.54326895505886,1
1054.8645758241364,3.6999948383530805,378.4430459589275,28.91250515299607,74.85901034093328,0
1021.7989914396912,5.337309343933455,784.2786648267592,24.649423997728835,74.37351777878179,0
1781.3537908470803,5.883881299138818,1311.2316548766473,33.8585895735808,77.41240248406729,1
1831.828858292285,2.819201845114308,1174.0675146604158,22.119133317226098,75.84505145692863,1
990.8559891386926,7.82186475949254,781.3987971901905,30.437801485433592,82.97994549612237,0
1031.925273161657,4.802823735431477,1085.434783117426,33.909455464799805,84.23508616047368,1
1087.286156455797,5.037699245889695,690.0478938895844,30.40454046374448,64.49376678172199,0
662.2197955862891,6.4164288465131145,288.8385239519843,26.98737886467585,83.68772500590771,0
832.5392214063207,5.466432262527003,522.6602035611337,25.358514766685104,63.13663572890145,0
798.3436932991729,6.90627326782649,1268.8666305524594,33.18043825523128,80.87855888137734,0
892.8809739583487,5.574248330403648,717.8020754512088,20.885125373691636,81.1973878470287,0
1186.1260450452876,3.775125250719124,726.9848061874945,23.14937869810178,55.88683108337496,0
1293.6858930146084,5.723007050412203,710.0485411175358,26.01221117254139,75.9297924652941,0
1820.200197125631,2.7125475853586765,1371.2409768719021,34.18826878755999,70.31503886639685,1
800.6583837044836,5.217119411553046,1287.787674608619,29.89883818020448,67.41234742064626,0
1593.7289593906335,4.933540018711079,1465.6340700344401,23.159771207448774,88.50852330699006,1
1114.4044623097964,4.583766285454921,752.2864368799846,26.448461473075483,68.46320859362581,0
1180.2145161390267,4.742924977122138,888.6873466241285,24.92838427951853,66.9362307088195,0
1469.9277968666415,1.2363019090047218,345.00723517376264,24.451055038832326,75.75694940005093,0
750.9111913750805,3.902550184518077,1243.0803278354824,,81.85589746298416,0
1352.9638984736202,5.185689802282229,449.6661346196195,21.141284353682472,73.58351413989872,0
5000.0,5.319712783994801,865.0326691287887,36.04390427867187,86.66370545669253,1
1396.9805056032596,2.9446497181480837,470.80924171014675,32.14114845092311,80.30975661964091,0
1315.6674575631273,7.531415681729401,623.3399519783911,33.45430835301849,53.2178868026857,0
2182.1200559643576,3.2676503035709983,548.8212706850899,25.68530243987371,69.70533036492992,1
944.9040062994736,6.938914401053474,617.6374217972547,27.250296404604452,69.38157900648301,0
987.6012179992729,5.854388723743369,638.2631890553064,20.83424092737644,79.79360953429422,0
950.7437894300942,3.7075453803123937,635.5193615224769,25.376687964665983,48.75182943625888,0
977.8091523358981,8.550621785219024,1050.000173534092,30.468274238215756,100.49009708717722,0
945.0451490773929,2.61272633648704,468.54116208124395,34.48031530890698,80.3102609489421,0
1675.6066124430208,6.8383083472200035,866.1624281041601,22.464215915987744,76.4887680391769,1
5000.0,7.0011646360859565,1165.3877456916675,26.17247031507367,86.81567716419147,1
971.7014825002095,3.6587595818467102,646.0410906459812,27.24350389883739,98.43654052812624,0
867.0577707583085,7.784930600128657,584.6243327757195,21.021053989037576,83.70746644588404,0
1388.5662225545616,4.499906970802094,730.8426124459247,30.956746208792,84.4881309647162,1
979.1107822876115,5.577387258559714,1153.917562508213,24.380048341286955,76.30690024464383,0
1453.1727271022044,5.5206436775424415,858.2322892860074,27.02304824411488,73.58474246633051,1
1281.1692083405198,4.731382517058904,640.6357116177205,25.74025314044061,70.242045559951,0
593.7023540011072,6.621616546319564,945.1629953564119,24.053307471401627,66.73888008285458,0
1819.0020805320246,6.586977441104426,469.312355049073,27.964775072597227,68.12985900300502,0
1918.3510692382088,1.5029360535236385,1004.4078531328844,26.92195210715989,61.494440356570166,1
954.8845238062455,7.608680485756305,922.5821923105303,26.140710588606673,74.24128549314976,0
1044.9193760256064,1.6750160239286513,707.6574586583348,24.357691891598286,58.153324227736135,0
1314.346156289962,7.065092408683315,548.4242604658307,29.597623353914777,76.90916524143711,0
1333.78271599481,7.253410273655167,533.9957233149628,36.26808634246142,74.63669391957659,0
1463.4177090691321,2.8180671395696035,960.4452009037731,28.699436164195635,76.46935298386688,1
5000.0,4.17837142409083,1168.6941507467186,32.98059107455565,69.77868429980008,1
1129.2211090023802,2.7885906630281285,608.8076758913616,21.048890374232688,105.76860370180503,0
880.6811021846186,4.570157939422529,937.5160110654452,28.78880719646885,88.60115900180313,0
648.2723087941891,4.383931431628517,173.89189441937935,22.513158405144665,62.55457499915277,0
907.6279840232323,6.55932106453868,624.6146808028401,20.615375362340494,77.32868087426898,0
1186.7492108504812,7.620617492239217,790.6823201387294,24.30314296270482,68.91993857062677,0
1917.8231454071151,7.791367621579912,527.0949749054499,33.959496672067864,64.85520273292586,1
992.9554803855315,3.875663946843396,519.0480875631213,32.75007914334823,61.599279288760656,0
1289.5151806555593,4.581556252510945,599.6661330593341,29.215023610272,79.32216690759253,0
1193.4308415708992,1.6331236155580995,887.657818497912,20.336497200550347,68.18619764930426,0
1675.3573093792336,3.3882598670076227,743.8012944780876,27.018596743060314,84.67826024025204,1
2210.7729703494488,6.929703266194915,128.53063000250836,29.50850004450868,84.9378221453044,1
987.6524908318718,8.231165647096464,163.78995420948013,28.87768114789299,88.7391438521145,0
1004.2242229927111,2.531302256240156,617.9404466428474,18.78103208259627,66.47613233925897,0
1617.6643508276288,3.8150714816942113,937.3059758160656,23.54841075990064,79.7536561069201,1
1472.7565958505245,4.947188486082146,-24.251452817570453,27.679611179256415,81.32454216642302,0
1938.6829302944134,5.560322317639214,650.0809471545108,30.68145454758595,70.25821824896035,1
1433.5712741303855,3.3807929601567075,642.1256430447736,17.019360894500267,67.28228042607125,0
1056.283163685176,5.8481220889281795,1216.5013334625344,27.189380122600706,91.09520665775973,1
1436.2619322769237,4.052321305858168,684.4934564861409,28.71524384939476,77.27495875732053,0
1643.481432233163,4.9710954582434415,914.8966954222785,32.248059942581065,81.35967750711738,1
1528.1928724789457,6.092568496007399,842.377142026239,31.464287921187182,66.77923988172073,1
1402.909612442919,5.0128445396218755,160.83005605783978,30.912856594044026,62.80715533477806,0
1626.6698758356615,4.127228218946863,1030.4621649895212,24.00029746649033,69.30550225507889,1
1667.718236178269,4.780780392148339,864.6189516368863,18.459989314383463,73.75978612610002,1
1752.8635964150108,4.82327408158933,952.4805919023769,26.034736214692995,64.3577999318265,1
1459.483955035857,4.2599779402357445,1977.871311930898,33.0081591260428,74.90155191349616,1
1133.1527678732582,4.482407874665795,174.7661181504235,34.96727263762216,58.114948119315,0
1258.6854745733292,8.197294341009433,1317.4089949283325,31.552745511488926,63.79952577530128,1
1682.6035866033426,6.121838895882478,713.7657441798933,30.14670411400867,81.70911248276875,1
5000.0,4.409039363941679,886.1986713209028,29.898198241929826,81.03790520277894,0
1347.4693235491604,6.393908809021472,786.3463264096273,25.219406266196096,71.08123234613133,0
1042.6644750690557,4.33236102048798,672.729099980587,27.3496985322319,64.82235690923046,0
1211.497929173927,7.346249275173283,629.0501215283724,36.34534762913165,64.72596448473989,0
1711.3807450429194,5.739284384396187,898.8526206719027,23.287209971040618,71.26731754058686,1
1276.4396272079614,4.7853957119915425,344.84789099849627,36.07389395354926,81.44518491645292,0
1218.5746192624595,5.895433851620555,1025.1737502565297,26.38985922753971,84.28245691344324,1
656.0575436080323,1.8582476958630014,675.1416785344238,34.62716054547539,70.03468264518031,0
1498.5014264108881,2.7464650621803894,460.97919828789264,20.96592495251231,63.46507574015216,0
1458.1936724564302,2.612149987201889,664.9961426012559,30.929521005823247,77.67843637866333,1
2065.3018893221843,5.285886189527414,1177.1447650587718,24.31614932026189,66.76465029374151,1
1076.8887060187997,8.465029998970184,639.399473895133,20.923664040379062,69.81747361138798,0
1287.6601310655756,9.462600292385265,907.536085462886,29.092670212054728,88.25276090437038,0
1299.753473484302,6.276102202881514,580.7131172853581,33.04735894297984,83.27115428565767,0
1830.9813119053897,6.001688949888914,1027.3765549770858,23.775292807032518,76.57974312251451,1
1161.8817870452192,1.397884531694522,1005.6523216370613,20.504920197707996,62.280809988872775,1
1311.6086103081357,3.9146524005319563,1354.5826499889235,27.540776178325224,77.11396567470659,1
1443.1586038866158,3.424432496183522,747.3308163502354,27.562823356114095,85.62657290787527,1
1274.6436492625432,3.7583048034977677,1000.5964414273719,30.741598137772492,71.24366334234465,1
1021.4265541797887,4.663712362830421,829.4202618616833,32.74797285682244,88.51114089986714,0
1277.635997159323,4.055818844605746,1188.7615345589043,27.70292409363753,87.92745289518207,1
1629.4526999439088,1.0414003792484245,584.3502837173809,37.27751657397131,91.63732832143474,1
789.3938802355759,6.495820512235068,1023.5015938631843,29.12117372267646,78.05243126531353,0
1253.1878696587505,2.854513948520387,741.5908111649954,26.267867469965502,80.87391699806012,0
919.9516740243307,5.478493728222299,780.7435468674507,19.94216320448586,89.1418728833109,0
1678.018651569937,9.148165339499947,827.5257453345118,26.68670239841916,79.47393937068975,1
590.7252380864901,3.1612308168271532,875.6721189280032,26.31806527294432,69.98765892209788,0
976.4312610913646,-0.06057504549265946,765.1312870634125,32.80152398140735,70.51457163472139,0
1350.8847500258084,4.427991556239778,864.4139549511578,30.31241812033427,77.38554953773739,1
1826.2096116937362,7.201919269997142,1273.4354172686553,22.103154391836913,62.09438578053781,1
1173.699895570805,8.916694908441187,1095.6349056845656,28.86127193205519,73.56741084635807,0
977.9201893227207,2.5409008110951663,1060.7463777490689,31.357655858645266,85.96547118230254,1
1952.462827776236,5.993398446473043,663.3381421928387,35.640156796939166,53.08746148834719,1
620.7944398335025,4.069379086439893,533.2277515315027,32.4375198370703,90.34482101794515,0
320.4776173519672,4.788103291391729,1086.590167471326,31.80423327155739,86.22374218703159,0
1376.005780021333,10.28868669403407,1062.8140377589382,28.30042997307582,70.40235384169523,0
999.1783102589555,1.9940593432096936,1241.8012027252946,29.941560027117248,80.43390827871809,1
791.5068731477147,5.5074793229891466,618.8058122092311,34.24752450353079,75.03147726906326,0
1483.3425789197413,5.935386343530866,731.1354033918959,21.33611301260175,87.29990368438683,1
1297.5202855084794,7.171572649878694,308.15475124236974,26.25280336391522,84.82683142769942,0
974.3685477053086,5.1959663069417905,682.2586681817381,24.137156256218795,60.99929276816991,0
687.8782405316423,5.616101079008205,1098.9711531738342,29.89576559363062,80.87262413464177,0
1548.9829313120579,4.216702865156417,660.0513862315406,34.15111087825394,72.94372146356753,1
1460.0804711834644,5.538253882490214,992.1439385602471,25.01512856639463,75.828325705181,1
1160.329654488247,4.313615449005179,742.8490682006566,16.04847816265281,67.71828099030185,0
1938.6547984190663,6.243143779712102,897.2171084664682,25.93889627487765,92.48137069120835,1
771.9660934695389,4.260779327912732,455.6925830552998,32.567368660087034,85.40061819902576,0
589.7899316301044,5.754200787804373,825.5628348901703,30.688149514749398,67.60228836027032,0
923.2367720475022,4.941474372630044,-97.34079127021698,30.140931239052883,61.653893930897674,0
1181.7655934578008,7.252100501544336,743.9311525514046,26.600033490627602,71.14327369022152,0
1297.3357797290766,4.897212552823028,310.85802688545795,21.604846318901068,79.34502646091306,0
1103.505576857468,1.4539350635862371,1161.7983549640448,30.576471608122336,77.40205843946222,1
1340.8221586057186,7.523843001427983,1033.2222058293532,23.828590949826875,87.53132824768244,1
699.3842303238223,3.1885353982747624,940.0012945898243,38.920483666902285,82.89919722180852,0
1777.5058416293036,3.6924673227023606,1256.301868147814,30.85253604177258,84.69569025752907,1
1167.1395286429724,3.808677411913016,515.3250437525488,25.096758487230247,78.26855400610437,0
1646.918332635251,7.748876186341635,1324.2089593746673,24.94307376305686,61.1070126978901,1
1337.0901385510817,0.728651572042609,1079.6574692781155,27.535278966932058,73.04301468853099,1
1382.7012876615136,11.275497067319987,729.0334138343162,26.80249038989125,85.60089739908665,0
1427.9069120928816,7.112113618132104,1140.6860441548833,33.58416887764977,74.48477071475354,1
1379.083424006926,5.4464778282583195,468.11194627650974,28.932080848720233,80.03090368623747,0
1457.0891039470175,4.890211998767427,552.6457515416979,24.341841305457358,71.81251684753867,0
1731.6610120529726,5.571108149715314,617.4230830280899,37.45220342577891,64.70188151458154,1
1278.608467880588,6.042244856758677,641.3066875807954,28.246541657601114,73.76655935953889,0
1483.601503035405,6.290431171900114,483.0327071719242,31.844198379844485,78.09047443032654,0
1164.1057222851093,6.111208932006897,1166.9249201285975,24.958867462776205,68.44312280538557,1
1776.046886179789,5.179161362510498,722.3436798890505,29.815578138722618,72.64288755143332,1
929.4430791762921,4.605323159385348,905.7514905070639,29.555549955715975,65.60536758014017,0
1920.3761731643262,4.697453432692977,628.8945900758958,18.551753539519236,86.19244917564096,1
1183.9368197422627,4.610183439294638,253.81900983544483,38.076375552303205,72.05544242411966,0
627.6899591527807,7.2675401937341295,881.0172075174266,34.45322230461274,89.52755545126183,0
1251.2417659643156,6.1871134445617235,226.32350737406693,26.01402341927006,90.28747850540908,0
927.5793370100477,-0.8807772693285605,779.4097861743594,22.488651297720722,74.18954035278256,0
1536.2574195954896,6.311801553059522,389.50548835015684,29.73780806901776,64.9155126745265,0
938.9504082790436,5.389472389437549,1396.1827997692424,28.433488497071984,54.14102122266662,0
1021.5266267140881,4.962582487108206,1073.4088166524166,29.778344742816145,60.279629269732084,0
444.18370762178756,4.222963093822228,831.7261373814441,28.957886980970446,61.2616517510134,0
1019.0774723003693,7.2482254399720265,1179.1120032964006,30.53120494652963,88.78469627461504,1
230.44826934841728,6.895052924245716,546.1052067602793,35.23652849695903,76.15824587226946,0
566.4388706057107,3.4542446643527818,963.0438136010279,30.840516025643232,78.89604524091988,0
1504.165862457719,5.81410457424907,859.943130115614,22.751722505450296,52.795789910648736,0
1514.320063460333,3.0566865309174283,879.206024400101,34.81281426356226,63.020335707827385,1
1370.183024713986,2.240763670422139,1181.7060500320304,36.20307281744144,83.87079776446286,1
813.2095427483148,3.74656555082007,1019.7476308339407,43.760283672560426,77.86774112382587,0
1180.915457543208,6.724786944765517,886.617098847507,22.38252983380201,73.52794721314403,0
1198.5589843637727,6.906250090752174,303.5337691315112,29.214410065751373,80.64842358600123,0
736.6541243229829,6.026170840194586,511.9861114161609,17.589506484055065,91.35797806135815,0
1801.3593207068602,6.450191573695994,763.1873199212828,30.765745781896044,72.7895753646295,1
1550.9449162302685,6.032356574229917,828.0117122829954,25.258998509166137,75.69369802658069,1
1111.6143304681345,3.7170368095540955,460.93888259782284,37.617228974124764,76.92596918731306,0
1210.7543355978123,5.8638450893478815,1523.5030026735262,24.12692514990709,98.92109635273992,1
1283.353123179021,6.600819050455365,1254.918216576072,19.554084810163694,54.006437355809744,1
383.3060526302837,6.508582659627148,980.6354961177451,25.6436812964874,81.83223014788808,0
1101.1290469917612,7.377826742949286,821.6110583851234,18.12256114391431,73.85197751240936,0
927.2063008008806,6.416607694402128,736.3373090296545,31.75549727253655,80.6677172618418,0
799.3519960420338,5.702896415083166,514.4244619933293,17.674584768718397,68.42627446005275,0
1087.559882845618,7.140300476632855,823.2441555556587,28.142287905915794,74.5103496914155,0
1919.074610739809,4.9469574815018795,877.3257620428252,17.610940900719015,82.11410579465495,1
1456.337144506804,3.2362506975445644,427.4718273555127,26.39851097731679,106.1291020104384,1
971.5284040868812,4.673866072112472,900.2529251734693,36.21689077902267,83.08036189402071,0
1429.0331125424634,3.510194710387102,753.4222853525754,29.803239457178975,66.51934401969491,0
